AP,F1,Precision,Recall,Accuracy,Threshold,Avg. Time,Cache Type,Model,Key,Sampling
0.7034262767070347,0.6666666666666666,0.5,1.0,0.5,0.0,0.07979977488517762,llama2,llama2,---,"[0 1]:[100 100], Total:200"
0.9409600767988001,0.6688963210702341,0.5025125628140703,1.0,0.505,0.0,0.0028615522384643553,FedGPTCache-albert,albert,15th:tname-paraphrase-albert-small-v2-dname-dgptcache-clients_per_round-4-num_clients-20-batch_size-128-device-cuda-client_epochs-6-num_rounds-50-loss_type-both-mnr-contrastive-,"[0 1]:[100 100], Total:200"
0.9509581445401124,0.6666666666666666,0.5,1.0,0.5,0.0,0.0009707069396972656,FedGPTCache-mpnet,mpnet,15th:tname-multi-qa-mpnet-base-cos-v1-dname-dgptcache-clients_per_round-4-num_clients-20-batch_size-128-device-cuda-client_epochs-6-num_rounds-50-loss_type-both-mnr-contrastive-,"[0 1]:[100 100], Total:200"
0.7034262767070347,0.6666666666666666,0.5,1.0,0.5,0.01,0.07935174226760865,llama2,llama2,---,"[0 1]:[100 100], Total:200"
0.9409600767988001,0.6688963210702341,0.5025125628140703,1.0,0.505,0.01,0.0006424307823181153,FedGPTCache-albert,albert,15th:tname-paraphrase-albert-small-v2-dname-dgptcache-clients_per_round-4-num_clients-20-batch_size-128-device-cuda-client_epochs-6-num_rounds-50-loss_type-both-mnr-contrastive-,"[0 1]:[100 100], Total:200"
0.9509581445401124,0.6666666666666666,0.5,1.0,0.5,0.01,0.001187645196914673,FedGPTCache-mpnet,mpnet,15th:tname-multi-qa-mpnet-base-cos-v1-dname-dgptcache-clients_per_round-4-num_clients-20-batch_size-128-device-cuda-client_epochs-6-num_rounds-50-loss_type-both-mnr-contrastive-,"[0 1]:[100 100], Total:200"
0.7034262767070347,0.6666666666666666,0.5,1.0,0.5,0.02,0.07938870310783386,llama2,llama2,---,"[0 1]:[100 100], Total:200"
0.9409600767988001,0.6688963210702341,0.5025125628140703,1.0,0.505,0.02,0.0006349015235900878,FedGPTCache-albert,albert,15th:tname-paraphrase-albert-small-v2-dname-dgptcache-clients_per_round-4-num_clients-20-batch_size-128-device-cuda-client_epochs-6-num_rounds-50-loss_type-both-mnr-contrastive-,"[0 1]:[100 100], Total:200"
0.9509581445401124,0.6688963210702341,0.5025125628140703,1.0,0.505,0.02,0.0010704362392425536,FedGPTCache-mpnet,mpnet,15th:tname-multi-qa-mpnet-base-cos-v1-dname-dgptcache-clients_per_round-4-num_clients-20-batch_size-128-device-cuda-client_epochs-6-num_rounds-50-loss_type-both-mnr-contrastive-,"[0 1]:[100 100], Total:200"
0.7034262767070347,0.6666666666666666,0.5,1.0,0.5,0.03,0.07981540083885193,llama2,llama2,---,"[0 1]:[100 100], Total:200"
0.9409600767988001,0.6688963210702341,0.5025125628140703,1.0,0.505,0.03,0.0006422030925750732,FedGPTCache-albert,albert,15th:tname-paraphrase-albert-small-v2-dname-dgptcache-clients_per_round-4-num_clients-20-batch_size-128-device-cuda-client_epochs-6-num_rounds-50-loss_type-both-mnr-contrastive-,"[0 1]:[100 100], Total:200"
0.9509581445401124,0.6688963210702341,0.5025125628140703,1.0,0.505,0.03,0.0010686886310577392,FedGPTCache-mpnet,mpnet,15th:tname-multi-qa-mpnet-base-cos-v1-dname-dgptcache-clients_per_round-4-num_clients-20-batch_size-128-device-cuda-client_epochs-6-num_rounds-50-loss_type-both-mnr-contrastive-,"[0 1]:[100 100], Total:200"
0.7034262767070347,0.6666666666666666,0.5,1.0,0.5,0.04,0.07941881775856018,llama2,llama2,---,"[0 1]:[100 100], Total:200"
0.9409600767988001,0.6688963210702341,0.5025125628140703,1.0,0.505,0.04,0.0006366360187530517,FedGPTCache-albert,albert,15th:tname-paraphrase-albert-small-v2-dname-dgptcache-clients_per_round-4-num_clients-20-batch_size-128-device-cuda-client_epochs-6-num_rounds-50-loss_type-both-mnr-contrastive-,"[0 1]:[100 100], Total:200"
0.9509581445401124,0.6711409395973155,0.5050505050505051,1.0,0.51,0.04,0.0010693812370300294,FedGPTCache-mpnet,mpnet,15th:tname-multi-qa-mpnet-base-cos-v1-dname-dgptcache-clients_per_round-4-num_clients-20-batch_size-128-device-cuda-client_epochs-6-num_rounds-50-loss_type-both-mnr-contrastive-,"[0 1]:[100 100], Total:200"
0.7034262767070347,0.6666666666666666,0.5,1.0,0.5,0.05,0.07983256220817565,llama2,llama2,---,"[0 1]:[100 100], Total:200"
0.9409600767988001,0.6688963210702341,0.5025125628140703,1.0,0.505,0.05,0.0006372785568237305,FedGPTCache-albert,albert,15th:tname-paraphrase-albert-small-v2-dname-dgptcache-clients_per_round-4-num_clients-20-batch_size-128-device-cuda-client_epochs-6-num_rounds-50-loss_type-both-mnr-contrastive-,"[0 1]:[100 100], Total:200"
0.9509581445401124,0.6711409395973155,0.5050505050505051,1.0,0.51,0.05,0.0012228786945343018,FedGPTCache-mpnet,mpnet,15th:tname-multi-qa-mpnet-base-cos-v1-dname-dgptcache-clients_per_round-4-num_clients-20-batch_size-128-device-cuda-client_epochs-6-num_rounds-50-loss_type-both-mnr-contrastive-,"[0 1]:[100 100], Total:200"
0.7034262767070347,0.6666666666666666,0.5,1.0,0.5,0.06,0.07941781401634217,llama2,llama2,---,"[0 1]:[100 100], Total:200"
0.9409600767988001,0.6688963210702341,0.5025125628140703,1.0,0.505,0.06,0.0006401073932647705,FedGPTCache-albert,albert,15th:tname-paraphrase-albert-small-v2-dname-dgptcache-clients_per_round-4-num_clients-20-batch_size-128-device-cuda-client_epochs-6-num_rounds-50-loss_type-both-mnr-contrastive-,"[0 1]:[100 100], Total:200"
0.9509581445401124,0.6711409395973155,0.5050505050505051,1.0,0.51,0.06,0.0010688745975494386,FedGPTCache-mpnet,mpnet,15th:tname-multi-qa-mpnet-base-cos-v1-dname-dgptcache-clients_per_round-4-num_clients-20-batch_size-128-device-cuda-client_epochs-6-num_rounds-50-loss_type-both-mnr-contrastive-,"[0 1]:[100 100], Total:200"
0.7034262767070347,0.6666666666666666,0.5,1.0,0.5,0.07,0.07942402243614197,llama2,llama2,---,"[0 1]:[100 100], Total:200"
0.9409600767988001,0.6711409395973155,0.5050505050505051,1.0,0.51,0.07,0.0006354117393493653,FedGPTCache-albert,albert,15th:tname-paraphrase-albert-small-v2-dname-dgptcache-clients_per_round-4-num_clients-20-batch_size-128-device-cuda-client_epochs-6-num_rounds-50-loss_type-both-mnr-contrastive-,"[0 1]:[100 100], Total:200"
0.9509581445401124,0.6711409395973155,0.5050505050505051,1.0,0.51,0.07,0.0010656917095184326,FedGPTCache-mpnet,mpnet,15th:tname-multi-qa-mpnet-base-cos-v1-dname-dgptcache-clients_per_round-4-num_clients-20-batch_size-128-device-cuda-client_epochs-6-num_rounds-50-loss_type-both-mnr-contrastive-,"[0 1]:[100 100], Total:200"
0.7034262767070347,0.6666666666666666,0.5,1.0,0.5,0.08,0.07945198655128478,llama2,llama2,---,"[0 1]:[100 100], Total:200"
0.9409600767988001,0.6734006734006733,0.5076142131979695,1.0,0.515,0.08,0.0006386101245880127,FedGPTCache-albert,albert,15th:tname-paraphrase-albert-small-v2-dname-dgptcache-clients_per_round-4-num_clients-20-batch_size-128-device-cuda-client_epochs-6-num_rounds-50-loss_type-both-mnr-contrastive-,"[0 1]:[100 100], Total:200"
0.9509581445401124,0.6734006734006733,0.5076142131979695,1.0,0.515,0.08,0.0010657894611358642,FedGPTCache-mpnet,mpnet,15th:tname-multi-qa-mpnet-base-cos-v1-dname-dgptcache-clients_per_round-4-num_clients-20-batch_size-128-device-cuda-client_epochs-6-num_rounds-50-loss_type-both-mnr-contrastive-,"[0 1]:[100 100], Total:200"
0.7034262767070347,0.6666666666666666,0.5,1.0,0.5,0.09,0.07943462252616883,llama2,llama2,---,"[0 1]:[100 100], Total:200"
0.9409600767988001,0.6734006734006733,0.5076142131979695,1.0,0.515,0.09,0.0006377148628234863,FedGPTCache-albert,albert,15th:tname-paraphrase-albert-small-v2-dname-dgptcache-clients_per_round-4-num_clients-20-batch_size-128-device-cuda-client_epochs-6-num_rounds-50-loss_type-both-mnr-contrastive-,"[0 1]:[100 100], Total:200"
0.9509581445401124,0.6734006734006733,0.5076142131979695,1.0,0.515,0.09,0.001068640947341919,FedGPTCache-mpnet,mpnet,15th:tname-multi-qa-mpnet-base-cos-v1-dname-dgptcache-clients_per_round-4-num_clients-20-batch_size-128-device-cuda-client_epochs-6-num_rounds-50-loss_type-both-mnr-contrastive-,"[0 1]:[100 100], Total:200"
0.7034262767070347,0.6666666666666666,0.5,1.0,0.5,0.1,0.07982635855674744,llama2,llama2,---,"[0 1]:[100 100], Total:200"
0.9409600767988001,0.6734006734006733,0.5076142131979695,1.0,0.515,0.1,0.0006368780136108399,FedGPTCache-albert,albert,15th:tname-paraphrase-albert-small-v2-dname-dgptcache-clients_per_round-4-num_clients-20-batch_size-128-device-cuda-client_epochs-6-num_rounds-50-loss_type-both-mnr-contrastive-,"[0 1]:[100 100], Total:200"
0.9509581445401124,0.6779661016949152,0.5128205128205128,1.0,0.525,0.1,0.0010666954517364502,FedGPTCache-mpnet,mpnet,15th:tname-multi-qa-mpnet-base-cos-v1-dname-dgptcache-clients_per_round-4-num_clients-20-batch_size-128-device-cuda-client_epochs-6-num_rounds-50-loss_type-both-mnr-contrastive-,"[0 1]:[100 100], Total:200"
0.7034262767070347,0.6666666666666666,0.5,1.0,0.5,0.11,0.07937878131866455,llama2,llama2,---,"[0 1]:[100 100], Total:200"
0.9409600767988001,0.6779661016949152,0.5128205128205128,1.0,0.525,0.11,0.0006349122524261474,FedGPTCache-albert,albert,15th:tname-paraphrase-albert-small-v2-dname-dgptcache-clients_per_round-4-num_clients-20-batch_size-128-device-cuda-client_epochs-6-num_rounds-50-loss_type-both-mnr-contrastive-,"[0 1]:[100 100], Total:200"
0.9509581445401124,0.6779661016949152,0.5128205128205128,1.0,0.525,0.11,0.0010640692710876464,FedGPTCache-mpnet,mpnet,15th:tname-multi-qa-mpnet-base-cos-v1-dname-dgptcache-clients_per_round-4-num_clients-20-batch_size-128-device-cuda-client_epochs-6-num_rounds-50-loss_type-both-mnr-contrastive-,"[0 1]:[100 100], Total:200"
0.7034262767070347,0.6666666666666666,0.5,1.0,0.5,0.12,0.07977008700370788,llama2,llama2,---,"[0 1]:[100 100], Total:200"
0.9409600767988001,0.6779661016949152,0.5128205128205128,1.0,0.525,0.12,0.0006338703632354736,FedGPTCache-albert,albert,15th:tname-paraphrase-albert-small-v2-dname-dgptcache-clients_per_round-4-num_clients-20-batch_size-128-device-cuda-client_epochs-6-num_rounds-50-loss_type-both-mnr-contrastive-,"[0 1]:[100 100], Total:200"
0.9509581445401124,0.6802721088435374,0.5154639175257731,1.0,0.53,0.12,0.0010659682750701904,FedGPTCache-mpnet,mpnet,15th:tname-multi-qa-mpnet-base-cos-v1-dname-dgptcache-clients_per_round-4-num_clients-20-batch_size-128-device-cuda-client_epochs-6-num_rounds-50-loss_type-both-mnr-contrastive-,"[0 1]:[100 100], Total:200"
0.7034262767070347,0.6666666666666666,0.5,1.0,0.5,0.13,0.07936771512031555,llama2,llama2,---,"[0 1]:[100 100], Total:200"
0.9409600767988001,0.6779661016949152,0.5128205128205128,1.0,0.525,0.13,0.0006388914585113525,FedGPTCache-albert,albert,15th:tname-paraphrase-albert-small-v2-dname-dgptcache-clients_per_round-4-num_clients-20-batch_size-128-device-cuda-client_epochs-6-num_rounds-50-loss_type-both-mnr-contrastive-,"[0 1]:[100 100], Total:200"
0.9509581445401124,0.68259385665529,0.5181347150259067,1.0,0.535,0.13,0.0010681736469268799,FedGPTCache-mpnet,mpnet,15th:tname-multi-qa-mpnet-base-cos-v1-dname-dgptcache-clients_per_round-4-num_clients-20-batch_size-128-device-cuda-client_epochs-6-num_rounds-50-loss_type-both-mnr-contrastive-,"[0 1]:[100 100], Total:200"
0.7034262767070347,0.6666666666666666,0.5,1.0,0.5,0.14,0.07932345986366272,llama2,llama2,---,"[0 1]:[100 100], Total:200"
0.9409600767988001,0.6779661016949152,0.5128205128205128,1.0,0.525,0.14,0.0006400513648986817,FedGPTCache-albert,albert,15th:tname-paraphrase-albert-small-v2-dname-dgptcache-clients_per_round-4-num_clients-20-batch_size-128-device-cuda-client_epochs-6-num_rounds-50-loss_type-both-mnr-contrastive-,"[0 1]:[100 100], Total:200"
0.9509581445401124,0.68259385665529,0.5181347150259067,1.0,0.535,0.14,0.0010701632499694825,FedGPTCache-mpnet,mpnet,15th:tname-multi-qa-mpnet-base-cos-v1-dname-dgptcache-clients_per_round-4-num_clients-20-batch_size-128-device-cuda-client_epochs-6-num_rounds-50-loss_type-both-mnr-contrastive-,"[0 1]:[100 100], Total:200"
0.7034262767070347,0.6666666666666666,0.5,1.0,0.5,0.15,0.07932345867156983,llama2,llama2,---,"[0 1]:[100 100], Total:200"
0.9409600767988001,0.6802721088435374,0.5154639175257731,1.0,0.53,0.15,0.0006410169601440429,FedGPTCache-albert,albert,15th:tname-paraphrase-albert-small-v2-dname-dgptcache-clients_per_round-4-num_clients-20-batch_size-128-device-cuda-client_epochs-6-num_rounds-50-loss_type-both-mnr-contrastive-,"[0 1]:[100 100], Total:200"
0.9509581445401124,0.68259385665529,0.5181347150259067,1.0,0.535,0.15,0.0010773324966430664,FedGPTCache-mpnet,mpnet,15th:tname-multi-qa-mpnet-base-cos-v1-dname-dgptcache-clients_per_round-4-num_clients-20-batch_size-128-device-cuda-client_epochs-6-num_rounds-50-loss_type-both-mnr-contrastive-,"[0 1]:[100 100], Total:200"
0.7034262767070347,0.6666666666666666,0.5,1.0,0.5,0.16,0.07957224011421203,llama2,llama2,---,"[0 1]:[100 100], Total:200"
0.9409600767988001,0.68259385665529,0.5181347150259067,1.0,0.535,0.16,0.0006418311595916748,FedGPTCache-albert,albert,15th:tname-paraphrase-albert-small-v2-dname-dgptcache-clients_per_round-4-num_clients-20-batch_size-128-device-cuda-client_epochs-6-num_rounds-50-loss_type-both-mnr-contrastive-,"[0 1]:[100 100], Total:200"
0.9509581445401124,0.6872852233676976,0.5235602094240838,1.0,0.545,0.16,0.001064831018447876,FedGPTCache-mpnet,mpnet,15th:tname-multi-qa-mpnet-base-cos-v1-dname-dgptcache-clients_per_round-4-num_clients-20-batch_size-128-device-cuda-client_epochs-6-num_rounds-50-loss_type-both-mnr-contrastive-,"[0 1]:[100 100], Total:200"
0.7034262767070347,0.6666666666666666,0.5,1.0,0.5,0.17,0.07982725501060486,llama2,llama2,---,"[0 1]:[100 100], Total:200"
0.9409600767988001,0.68259385665529,0.5181347150259067,1.0,0.535,0.17,0.0006350052356719971,FedGPTCache-albert,albert,15th:tname-paraphrase-albert-small-v2-dname-dgptcache-clients_per_round-4-num_clients-20-batch_size-128-device-cuda-client_epochs-6-num_rounds-50-loss_type-both-mnr-contrastive-,"[0 1]:[100 100], Total:200"
0.9509581445401124,0.6896551724137931,0.5263157894736842,1.0,0.55,0.17,0.0010653293132781981,FedGPTCache-mpnet,mpnet,15th:tname-multi-qa-mpnet-base-cos-v1-dname-dgptcache-clients_per_round-4-num_clients-20-batch_size-128-device-cuda-client_epochs-6-num_rounds-50-loss_type-both-mnr-contrastive-,"[0 1]:[100 100], Total:200"
0.7034262767070347,0.6666666666666666,0.5,1.0,0.5,0.18,0.07928872704505921,llama2,llama2,---,"[0 1]:[100 100], Total:200"
0.9409600767988001,0.68259385665529,0.5181347150259067,1.0,0.535,0.18,0.0006385564804077149,FedGPTCache-albert,albert,15th:tname-paraphrase-albert-small-v2-dname-dgptcache-clients_per_round-4-num_clients-20-batch_size-128-device-cuda-client_epochs-6-num_rounds-50-loss_type-both-mnr-contrastive-,"[0 1]:[100 100], Total:200"
0.9509581445401124,0.6896551724137931,0.5263157894736842,1.0,0.55,0.18,0.001062110662460327,FedGPTCache-mpnet,mpnet,15th:tname-multi-qa-mpnet-base-cos-v1-dname-dgptcache-clients_per_round-4-num_clients-20-batch_size-128-device-cuda-client_epochs-6-num_rounds-50-loss_type-both-mnr-contrastive-,"[0 1]:[100 100], Total:200"
0.7034262767070347,0.6666666666666666,0.5,1.0,0.5,0.19,0.07953932285308837,llama2,llama2,---,"[0 1]:[100 100], Total:200"
0.9409600767988001,0.68259385665529,0.5181347150259067,1.0,0.535,0.19,0.0006360983848571777,FedGPTCache-albert,albert,15th:tname-paraphrase-albert-small-v2-dname-dgptcache-clients_per_round-4-num_clients-20-batch_size-128-device-cuda-client_epochs-6-num_rounds-50-loss_type-both-mnr-contrastive-,"[0 1]:[100 100], Total:200"
0.9509581445401124,0.6896551724137931,0.5263157894736842,1.0,0.55,0.19,0.0010621392726898194,FedGPTCache-mpnet,mpnet,15th:tname-multi-qa-mpnet-base-cos-v1-dname-dgptcache-clients_per_round-4-num_clients-20-batch_size-128-device-cuda-client_epochs-6-num_rounds-50-loss_type-both-mnr-contrastive-,"[0 1]:[100 100], Total:200"
0.7034262767070347,0.6666666666666666,0.5,1.0,0.5,0.2,0.07933174014091492,llama2,llama2,---,"[0 1]:[100 100], Total:200"
0.9409600767988001,0.6872852233676976,0.5235602094240838,1.0,0.545,0.2,0.000637657642364502,FedGPTCache-albert,albert,15th:tname-paraphrase-albert-small-v2-dname-dgptcache-clients_per_round-4-num_clients-20-batch_size-128-device-cuda-client_epochs-6-num_rounds-50-loss_type-both-mnr-contrastive-,"[0 1]:[100 100], Total:200"
0.9509581445401124,0.6896551724137931,0.5263157894736842,1.0,0.55,0.2,0.0010657656192779542,FedGPTCache-mpnet,mpnet,15th:tname-multi-qa-mpnet-base-cos-v1-dname-dgptcache-clients_per_round-4-num_clients-20-batch_size-128-device-cuda-client_epochs-6-num_rounds-50-loss_type-both-mnr-contrastive-,"[0 1]:[100 100], Total:200"
0.7034262767070347,0.6666666666666666,0.5,1.0,0.5,0.21,0.0791741955280304,llama2,llama2,---,"[0 1]:[100 100], Total:200"
0.9409600767988001,0.6872852233676976,0.5235602094240838,1.0,0.545,0.21,0.0006343865394592285,FedGPTCache-albert,albert,15th:tname-paraphrase-albert-small-v2-dname-dgptcache-clients_per_round-4-num_clients-20-batch_size-128-device-cuda-client_epochs-6-num_rounds-50-loss_type-both-mnr-contrastive-,"[0 1]:[100 100], Total:200"
0.9509581445401124,0.6896551724137931,0.5263157894736842,1.0,0.55,0.21,0.0010626530647277832,FedGPTCache-mpnet,mpnet,15th:tname-multi-qa-mpnet-base-cos-v1-dname-dgptcache-clients_per_round-4-num_clients-20-batch_size-128-device-cuda-client_epochs-6-num_rounds-50-loss_type-both-mnr-contrastive-,"[0 1]:[100 100], Total:200"
0.7034262767070347,0.6688963210702341,0.5025125628140703,1.0,0.505,0.22,0.07964734554290771,llama2,llama2,---,"[0 1]:[100 100], Total:200"
0.9409600767988001,0.6872852233676976,0.5235602094240838,1.0,0.545,0.22,0.0006346583366394043,FedGPTCache-albert,albert,15th:tname-paraphrase-albert-small-v2-dname-dgptcache-clients_per_round-4-num_clients-20-batch_size-128-device-cuda-client_epochs-6-num_rounds-50-loss_type-both-mnr-contrastive-,"[0 1]:[100 100], Total:200"
0.9509581445401124,0.6944444444444444,0.5319148936170213,1.0,0.56,0.22,0.0010648250579833984,FedGPTCache-mpnet,mpnet,15th:tname-multi-qa-mpnet-base-cos-v1-dname-dgptcache-clients_per_round-4-num_clients-20-batch_size-128-device-cuda-client_epochs-6-num_rounds-50-loss_type-both-mnr-contrastive-,"[0 1]:[100 100], Total:200"
0.7034262767070347,0.6688963210702341,0.5025125628140703,1.0,0.505,0.23,0.0792007577419281,llama2,llama2,---,"[0 1]:[100 100], Total:200"
0.9409600767988001,0.6872852233676976,0.5235602094240838,1.0,0.545,0.23,0.0006360554695129394,FedGPTCache-albert,albert,15th:tname-paraphrase-albert-small-v2-dname-dgptcache-clients_per_round-4-num_clients-20-batch_size-128-device-cuda-client_epochs-6-num_rounds-50-loss_type-both-mnr-contrastive-,"[0 1]:[100 100], Total:200"
0.9509581445401124,0.6944444444444444,0.5319148936170213,1.0,0.56,0.23,0.0010628104209899902,FedGPTCache-mpnet,mpnet,15th:tname-multi-qa-mpnet-base-cos-v1-dname-dgptcache-clients_per_round-4-num_clients-20-batch_size-128-device-cuda-client_epochs-6-num_rounds-50-loss_type-both-mnr-contrastive-,"[0 1]:[100 100], Total:200"
0.7034262767070347,0.6688963210702341,0.5025125628140703,1.0,0.505,0.24,0.07967696666717529,llama2,llama2,---,"[0 1]:[100 100], Total:200"
0.9409600767988001,0.6872852233676976,0.5235602094240838,1.0,0.545,0.24,0.0006352841854095459,FedGPTCache-albert,albert,15th:tname-paraphrase-albert-small-v2-dname-dgptcache-clients_per_round-4-num_clients-20-batch_size-128-device-cuda-client_epochs-6-num_rounds-50-loss_type-both-mnr-contrastive-,"[0 1]:[100 100], Total:200"
0.9509581445401124,0.6968641114982579,0.5347593582887701,1.0,0.565,0.24,0.0010668540000915527,FedGPTCache-mpnet,mpnet,15th:tname-multi-qa-mpnet-base-cos-v1-dname-dgptcache-clients_per_round-4-num_clients-20-batch_size-128-device-cuda-client_epochs-6-num_rounds-50-loss_type-both-mnr-contrastive-,"[0 1]:[100 100], Total:200"
0.7034262767070347,0.6688963210702341,0.5025125628140703,1.0,0.505,0.25,0.07923850178718567,llama2,llama2,---,"[0 1]:[100 100], Total:200"
0.9409600767988001,0.6872852233676976,0.5235602094240838,1.0,0.545,0.25,0.0006359457969665527,FedGPTCache-albert,albert,15th:tname-paraphrase-albert-small-v2-dname-dgptcache-clients_per_round-4-num_clients-20-batch_size-128-device-cuda-client_epochs-6-num_rounds-50-loss_type-both-mnr-contrastive-,"[0 1]:[100 100], Total:200"
0.9509581445401124,0.6968641114982579,0.5347593582887701,1.0,0.565,0.25,0.0010627448558807374,FedGPTCache-mpnet,mpnet,15th:tname-multi-qa-mpnet-base-cos-v1-dname-dgptcache-clients_per_round-4-num_clients-20-batch_size-128-device-cuda-client_epochs-6-num_rounds-50-loss_type-both-mnr-contrastive-,"[0 1]:[100 100], Total:200"
0.7034262767070347,0.6688963210702341,0.5025125628140703,1.0,0.505,0.26,0.07922943830490112,llama2,llama2,---,"[0 1]:[100 100], Total:200"
0.9409600767988001,0.6896551724137931,0.5263157894736842,1.0,0.55,0.26,0.0006363105773925782,FedGPTCache-albert,albert,15th:tname-paraphrase-albert-small-v2-dname-dgptcache-clients_per_round-4-num_clients-20-batch_size-128-device-cuda-client_epochs-6-num_rounds-50-loss_type-both-mnr-contrastive-,"[0 1]:[100 100], Total:200"
0.9509581445401124,0.6968641114982579,0.5347593582887701,1.0,0.565,0.26,0.001063833236694336,FedGPTCache-mpnet,mpnet,15th:tname-multi-qa-mpnet-base-cos-v1-dname-dgptcache-clients_per_round-4-num_clients-20-batch_size-128-device-cuda-client_epochs-6-num_rounds-50-loss_type-both-mnr-contrastive-,"[0 1]:[100 100], Total:200"
0.7034262767070347,0.6688963210702341,0.5025125628140703,1.0,0.505,0.27,0.07966347813606262,llama2,llama2,---,"[0 1]:[100 100], Total:200"
0.9409600767988001,0.6896551724137931,0.5263157894736842,1.0,0.55,0.27,0.0006366133689880371,FedGPTCache-albert,albert,15th:tname-paraphrase-albert-small-v2-dname-dgptcache-clients_per_round-4-num_clients-20-batch_size-128-device-cuda-client_epochs-6-num_rounds-50-loss_type-both-mnr-contrastive-,"[0 1]:[100 100], Total:200"
0.9509581445401124,0.6968641114982579,0.5347593582887701,1.0,0.565,0.27,0.0010647928714752196,FedGPTCache-mpnet,mpnet,15th:tname-multi-qa-mpnet-base-cos-v1-dname-dgptcache-clients_per_round-4-num_clients-20-batch_size-128-device-cuda-client_epochs-6-num_rounds-50-loss_type-both-mnr-contrastive-,"[0 1]:[100 100], Total:200"
0.7034262767070347,0.6688963210702341,0.5025125628140703,1.0,0.505,0.28,0.0791864538192749,llama2,llama2,---,"[0 1]:[100 100], Total:200"
0.9409600767988001,0.6896551724137931,0.5263157894736842,1.0,0.55,0.28,0.0006331992149353027,FedGPTCache-albert,albert,15th:tname-paraphrase-albert-small-v2-dname-dgptcache-clients_per_round-4-num_clients-20-batch_size-128-device-cuda-client_epochs-6-num_rounds-50-loss_type-both-mnr-contrastive-,"[0 1]:[100 100], Total:200"
0.9509581445401124,0.6968641114982579,0.5347593582887701,1.0,0.565,0.28,0.001064896583557129,FedGPTCache-mpnet,mpnet,15th:tname-multi-qa-mpnet-base-cos-v1-dname-dgptcache-clients_per_round-4-num_clients-20-batch_size-128-device-cuda-client_epochs-6-num_rounds-50-loss_type-both-mnr-contrastive-,"[0 1]:[100 100], Total:200"
0.7034262767070347,0.6688963210702341,0.5025125628140703,1.0,0.505,0.29,0.08004653453826904,llama2,llama2,---,"[0 1]:[100 100], Total:200"
0.9409600767988001,0.6896551724137931,0.5263157894736842,1.0,0.55,0.29,0.00063645601272583,FedGPTCache-albert,albert,15th:tname-paraphrase-albert-small-v2-dname-dgptcache-clients_per_round-4-num_clients-20-batch_size-128-device-cuda-client_epochs-6-num_rounds-50-loss_type-both-mnr-contrastive-,"[0 1]:[100 100], Total:200"
0.9509581445401124,0.6993006993006993,0.5376344086021505,1.0,0.57,0.29,0.001063140630722046,FedGPTCache-mpnet,mpnet,15th:tname-multi-qa-mpnet-base-cos-v1-dname-dgptcache-clients_per_round-4-num_clients-20-batch_size-128-device-cuda-client_epochs-6-num_rounds-50-loss_type-both-mnr-contrastive-,"[0 1]:[100 100], Total:200"
0.7034262767070347,0.6688963210702341,0.5025125628140703,1.0,0.505,0.3,0.07968418836593628,llama2,llama2,---,"[0 1]:[100 100], Total:200"
0.9409600767988001,0.6896551724137931,0.5263157894736842,1.0,0.55,0.3,0.000639714002609253,FedGPTCache-albert,albert,15th:tname-paraphrase-albert-small-v2-dname-dgptcache-clients_per_round-4-num_clients-20-batch_size-128-device-cuda-client_epochs-6-num_rounds-50-loss_type-both-mnr-contrastive-,"[0 1]:[100 100], Total:200"
0.9509581445401124,0.6993006993006993,0.5376344086021505,1.0,0.57,0.3,0.0010683953762054444,FedGPTCache-mpnet,mpnet,15th:tname-multi-qa-mpnet-base-cos-v1-dname-dgptcache-clients_per_round-4-num_clients-20-batch_size-128-device-cuda-client_epochs-6-num_rounds-50-loss_type-both-mnr-contrastive-,"[0 1]:[100 100], Total:200"
0.7034262767070347,0.6688963210702341,0.5025125628140703,1.0,0.505,0.31,0.07933998107910156,llama2,llama2,---,"[0 1]:[100 100], Total:200"
0.9409600767988001,0.6896551724137931,0.5263157894736842,1.0,0.55,0.31,0.0006393337249755859,FedGPTCache-albert,albert,15th:tname-paraphrase-albert-small-v2-dname-dgptcache-clients_per_round-4-num_clients-20-batch_size-128-device-cuda-client_epochs-6-num_rounds-50-loss_type-both-mnr-contrastive-,"[0 1]:[100 100], Total:200"
0.9509581445401124,0.7017543859649124,0.5405405405405406,1.0,0.575,0.31,0.0010639739036560059,FedGPTCache-mpnet,mpnet,15th:tname-multi-qa-mpnet-base-cos-v1-dname-dgptcache-clients_per_round-4-num_clients-20-batch_size-128-device-cuda-client_epochs-6-num_rounds-50-loss_type-both-mnr-contrastive-,"[0 1]:[100 100], Total:200"
0.7034262767070347,0.6688963210702341,0.5025125628140703,1.0,0.505,0.32,0.0797993290424347,llama2,llama2,---,"[0 1]:[100 100], Total:200"
0.9409600767988001,0.6920415224913494,0.5291005291005291,1.0,0.555,0.32,0.0006328332424163819,FedGPTCache-albert,albert,15th:tname-paraphrase-albert-small-v2-dname-dgptcache-clients_per_round-4-num_clients-20-batch_size-128-device-cuda-client_epochs-6-num_rounds-50-loss_type-both-mnr-contrastive-,"[0 1]:[100 100], Total:200"
0.9509581445401124,0.7017543859649124,0.5405405405405406,1.0,0.575,0.32,0.0010671520233154297,FedGPTCache-mpnet,mpnet,15th:tname-multi-qa-mpnet-base-cos-v1-dname-dgptcache-clients_per_round-4-num_clients-20-batch_size-128-device-cuda-client_epochs-6-num_rounds-50-loss_type-both-mnr-contrastive-,"[0 1]:[100 100], Total:200"
0.7034262767070347,0.6688963210702341,0.5025125628140703,1.0,0.505,0.33,0.07936346054077148,llama2,llama2,---,"[0 1]:[100 100], Total:200"
0.9409600767988001,0.6920415224913494,0.5291005291005291,1.0,0.555,0.33,0.0006377410888671875,FedGPTCache-albert,albert,15th:tname-paraphrase-albert-small-v2-dname-dgptcache-clients_per_round-4-num_clients-20-batch_size-128-device-cuda-client_epochs-6-num_rounds-50-loss_type-both-mnr-contrastive-,"[0 1]:[100 100], Total:200"
0.9509581445401124,0.7067137809187279,0.546448087431694,1.0,0.585,0.33,0.001065688133239746,FedGPTCache-mpnet,mpnet,15th:tname-multi-qa-mpnet-base-cos-v1-dname-dgptcache-clients_per_round-4-num_clients-20-batch_size-128-device-cuda-client_epochs-6-num_rounds-50-loss_type-both-mnr-contrastive-,"[0 1]:[100 100], Total:200"
0.7034262767070347,0.6688963210702341,0.5025125628140703,1.0,0.505,0.34,0.07958868384361267,llama2,llama2,---,"[0 1]:[100 100], Total:200"
0.9409600767988001,0.6944444444444444,0.5319148936170213,1.0,0.56,0.34,0.0006379354000091553,FedGPTCache-albert,albert,15th:tname-paraphrase-albert-small-v2-dname-dgptcache-clients_per_round-4-num_clients-20-batch_size-128-device-cuda-client_epochs-6-num_rounds-50-loss_type-both-mnr-contrastive-,"[0 1]:[100 100], Total:200"
0.9509581445401124,0.7142857142857143,0.5555555555555556,1.0,0.6,0.34,0.0010636806488037109,FedGPTCache-mpnet,mpnet,15th:tname-multi-qa-mpnet-base-cos-v1-dname-dgptcache-clients_per_round-4-num_clients-20-batch_size-128-device-cuda-client_epochs-6-num_rounds-50-loss_type-both-mnr-contrastive-,"[0 1]:[100 100], Total:200"
0.7034262767070347,0.6688963210702341,0.5025125628140703,1.0,0.505,0.35,0.07918584704399109,llama2,llama2,---,"[0 1]:[100 100], Total:200"
0.9409600767988001,0.6993006993006993,0.5376344086021505,1.0,0.57,0.35,0.0006357395648956299,FedGPTCache-albert,albert,15th:tname-paraphrase-albert-small-v2-dname-dgptcache-clients_per_round-4-num_clients-20-batch_size-128-device-cuda-client_epochs-6-num_rounds-50-loss_type-both-mnr-contrastive-,"[0 1]:[100 100], Total:200"
0.9509581445401124,0.7168458781362006,0.5586592178770949,1.0,0.605,0.35,0.0010647082328796387,FedGPTCache-mpnet,mpnet,15th:tname-multi-qa-mpnet-base-cos-v1-dname-dgptcache-clients_per_round-4-num_clients-20-batch_size-128-device-cuda-client_epochs-6-num_rounds-50-loss_type-both-mnr-contrastive-,"[0 1]:[100 100], Total:200"
0.7034262767070347,0.6688963210702341,0.5025125628140703,1.0,0.505,0.36,0.07960530519485473,llama2,llama2,---,"[0 1]:[100 100], Total:200"
0.9409600767988001,0.704225352112676,0.5434782608695652,1.0,0.58,0.36,0.000635298490524292,FedGPTCache-albert,albert,15th:tname-paraphrase-albert-small-v2-dname-dgptcache-clients_per_round-4-num_clients-20-batch_size-128-device-cuda-client_epochs-6-num_rounds-50-loss_type-both-mnr-contrastive-,"[0 1]:[100 100], Total:200"
0.9509581445401124,0.7194244604316548,0.5617977528089888,1.0,0.61,0.36,0.0011249637603759765,FedGPTCache-mpnet,mpnet,15th:tname-multi-qa-mpnet-base-cos-v1-dname-dgptcache-clients_per_round-4-num_clients-20-batch_size-128-device-cuda-client_epochs-6-num_rounds-50-loss_type-both-mnr-contrastive-,"[0 1]:[100 100], Total:200"
0.7034262767070347,0.6688963210702341,0.5025125628140703,1.0,0.505,0.37,0.0792031192779541,llama2,llama2,---,"[0 1]:[100 100], Total:200"
0.9409600767988001,0.7092198581560284,0.5494505494505495,1.0,0.59,0.37,0.0006349241733551026,FedGPTCache-albert,albert,15th:tname-paraphrase-albert-small-v2-dname-dgptcache-clients_per_round-4-num_clients-20-batch_size-128-device-cuda-client_epochs-6-num_rounds-50-loss_type-both-mnr-contrastive-,"[0 1]:[100 100], Total:200"
0.9509581445401124,0.7194244604316548,0.5617977528089888,1.0,0.61,0.37,0.000984112024307251,FedGPTCache-mpnet,mpnet,15th:tname-multi-qa-mpnet-base-cos-v1-dname-dgptcache-clients_per_round-4-num_clients-20-batch_size-128-device-cuda-client_epochs-6-num_rounds-50-loss_type-both-mnr-contrastive-,"[0 1]:[100 100], Total:200"
0.7034262767070347,0.6688963210702341,0.5025125628140703,1.0,0.505,0.38,0.07919751405715943,llama2,llama2,---,"[0 1]:[100 100], Total:200"
0.9409600767988001,0.7092198581560284,0.5494505494505495,1.0,0.59,0.38,0.0006383264064788818,FedGPTCache-albert,albert,15th:tname-paraphrase-albert-small-v2-dname-dgptcache-clients_per_round-4-num_clients-20-batch_size-128-device-cuda-client_epochs-6-num_rounds-50-loss_type-both-mnr-contrastive-,"[0 1]:[100 100], Total:200"
0.9509581445401124,0.7220216606498194,0.5649717514124294,1.0,0.615,0.38,0.0009830605983734131,FedGPTCache-mpnet,mpnet,15th:tname-multi-qa-mpnet-base-cos-v1-dname-dgptcache-clients_per_round-4-num_clients-20-batch_size-128-device-cuda-client_epochs-6-num_rounds-50-loss_type-both-mnr-contrastive-,"[0 1]:[100 100], Total:200"
0.7034262767070347,0.6688963210702341,0.5025125628140703,1.0,0.505,0.39,0.07919924378395081,llama2,llama2,---,"[0 1]:[100 100], Total:200"
0.9409600767988001,0.7117437722419929,0.5524861878453039,1.0,0.595,0.39,0.0006340718269348144,FedGPTCache-albert,albert,15th:tname-paraphrase-albert-small-v2-dname-dgptcache-clients_per_round-4-num_clients-20-batch_size-128-device-cuda-client_epochs-6-num_rounds-50-loss_type-both-mnr-contrastive-,"[0 1]:[100 100], Total:200"
0.9509581445401124,0.7246376811594203,0.5681818181818182,1.0,0.62,0.39,0.0009995603561401367,FedGPTCache-mpnet,mpnet,15th:tname-multi-qa-mpnet-base-cos-v1-dname-dgptcache-clients_per_round-4-num_clients-20-batch_size-128-device-cuda-client_epochs-6-num_rounds-50-loss_type-both-mnr-contrastive-,"[0 1]:[100 100], Total:200"
0.7034262767070347,0.6688963210702341,0.5025125628140703,1.0,0.505,0.4,0.07920946955680847,llama2,llama2,---,"[0 1]:[100 100], Total:200"
0.9409600767988001,0.7142857142857143,0.5555555555555556,1.0,0.6,0.4,0.0006373822689056396,FedGPTCache-albert,albert,15th:tname-paraphrase-albert-small-v2-dname-dgptcache-clients_per_round-4-num_clients-20-batch_size-128-device-cuda-client_epochs-6-num_rounds-50-loss_type-both-mnr-contrastive-,"[0 1]:[100 100], Total:200"
0.9509581445401124,0.7246376811594203,0.5681818181818182,1.0,0.62,0.4,0.0009849441051483154,FedGPTCache-mpnet,mpnet,15th:tname-multi-qa-mpnet-base-cos-v1-dname-dgptcache-clients_per_round-4-num_clients-20-batch_size-128-device-cuda-client_epochs-6-num_rounds-50-loss_type-both-mnr-contrastive-,"[0 1]:[100 100], Total:200"
0.7034262767070347,0.6711409395973155,0.5050505050505051,1.0,0.51,0.41,0.07972150683403015,llama2,llama2,---,"[0 1]:[100 100], Total:200"
0.9409600767988001,0.7194244604316548,0.5617977528089888,1.0,0.61,0.41,0.0006345927715301514,FedGPTCache-albert,albert,15th:tname-paraphrase-albert-small-v2-dname-dgptcache-clients_per_round-4-num_clients-20-batch_size-128-device-cuda-client_epochs-6-num_rounds-50-loss_type-both-mnr-contrastive-,"[0 1]:[100 100], Total:200"
0.9509581445401124,0.7326007326007327,0.5780346820809249,1.0,0.635,0.41,0.000990217924118042,FedGPTCache-mpnet,mpnet,15th:tname-multi-qa-mpnet-base-cos-v1-dname-dgptcache-clients_per_round-4-num_clients-20-batch_size-128-device-cuda-client_epochs-6-num_rounds-50-loss_type-both-mnr-contrastive-,"[0 1]:[100 100], Total:200"
0.7034262767070347,0.6711409395973155,0.5050505050505051,1.0,0.51,0.42,0.0791975736618042,llama2,llama2,---,"[0 1]:[100 100], Total:200"
0.9409600767988001,0.7220216606498194,0.5649717514124294,1.0,0.615,0.42,0.0006359875202178955,FedGPTCache-albert,albert,15th:tname-paraphrase-albert-small-v2-dname-dgptcache-clients_per_round-4-num_clients-20-batch_size-128-device-cuda-client_epochs-6-num_rounds-50-loss_type-both-mnr-contrastive-,"[0 1]:[100 100], Total:200"
0.9509581445401124,0.7380073800738007,0.5847953216374269,1.0,0.645,0.42,0.00100882887840271,FedGPTCache-mpnet,mpnet,15th:tname-multi-qa-mpnet-base-cos-v1-dname-dgptcache-clients_per_round-4-num_clients-20-batch_size-128-device-cuda-client_epochs-6-num_rounds-50-loss_type-both-mnr-contrastive-,"[0 1]:[100 100], Total:200"
0.7034262767070347,0.6711409395973155,0.5050505050505051,1.0,0.51,0.43,0.07918427348136901,llama2,llama2,---,"[0 1]:[100 100], Total:200"
0.9409600767988001,0.7299270072992701,0.5747126436781609,1.0,0.63,0.43,0.0006373500823974609,FedGPTCache-albert,albert,15th:tname-paraphrase-albert-small-v2-dname-dgptcache-clients_per_round-4-num_clients-20-batch_size-128-device-cuda-client_epochs-6-num_rounds-50-loss_type-both-mnr-contrastive-,"[0 1]:[100 100], Total:200"
0.9509581445401124,0.7462686567164178,0.5952380952380952,1.0,0.66,0.43,0.0010201573371887208,FedGPTCache-mpnet,mpnet,15th:tname-multi-qa-mpnet-base-cos-v1-dname-dgptcache-clients_per_round-4-num_clients-20-batch_size-128-device-cuda-client_epochs-6-num_rounds-50-loss_type-both-mnr-contrastive-,"[0 1]:[100 100], Total:200"
0.7034262767070347,0.6711409395973155,0.5050505050505051,1.0,0.51,0.44,0.0791913378238678,llama2,llama2,---,"[0 1]:[100 100], Total:200"
0.9409600767988001,0.7352941176470588,0.5813953488372093,1.0,0.64,0.44,0.0006335699558258057,FedGPTCache-albert,albert,15th:tname-paraphrase-albert-small-v2-dname-dgptcache-clients_per_round-4-num_clients-20-batch_size-128-device-cuda-client_epochs-6-num_rounds-50-loss_type-both-mnr-contrastive-,"[0 1]:[100 100], Total:200"
0.9509581445401124,0.7490636704119851,0.5988023952095808,1.0,0.665,0.44,0.001023629903793335,FedGPTCache-mpnet,mpnet,15th:tname-multi-qa-mpnet-base-cos-v1-dname-dgptcache-clients_per_round-4-num_clients-20-batch_size-128-device-cuda-client_epochs-6-num_rounds-50-loss_type-both-mnr-contrastive-,"[0 1]:[100 100], Total:200"
0.7034262767070347,0.6734006734006733,0.5076142131979695,1.0,0.515,0.45,0.07922869920730591,llama2,llama2,---,"[0 1]:[100 100], Total:200"
0.9409600767988001,0.7407407407407407,0.5882352941176471,1.0,0.65,0.45,0.000637216567993164,FedGPTCache-albert,albert,15th:tname-paraphrase-albert-small-v2-dname-dgptcache-clients_per_round-4-num_clients-20-batch_size-128-device-cuda-client_epochs-6-num_rounds-50-loss_type-both-mnr-contrastive-,"[0 1]:[100 100], Total:200"
0.9509581445401124,0.7518796992481204,0.6024096385542169,1.0,0.67,0.45,0.0009835314750671386,FedGPTCache-mpnet,mpnet,15th:tname-multi-qa-mpnet-base-cos-v1-dname-dgptcache-clients_per_round-4-num_clients-20-batch_size-128-device-cuda-client_epochs-6-num_rounds-50-loss_type-both-mnr-contrastive-,"[0 1]:[100 100], Total:200"
0.7034262767070347,0.6734006734006733,0.5076142131979695,1.0,0.515,0.46,0.07968756437301636,llama2,llama2,---,"[0 1]:[100 100], Total:200"
0.9409600767988001,0.7434944237918216,0.591715976331361,1.0,0.655,0.46,0.0006333708763122559,FedGPTCache-albert,albert,15th:tname-paraphrase-albert-small-v2-dname-dgptcache-clients_per_round-4-num_clients-20-batch_size-128-device-cuda-client_epochs-6-num_rounds-50-loss_type-both-mnr-contrastive-,"[0 1]:[100 100], Total:200"
0.9509581445401124,0.7604562737642586,0.6134969325153374,1.0,0.685,0.46,0.0010344922542572022,FedGPTCache-mpnet,mpnet,15th:tname-multi-qa-mpnet-base-cos-v1-dname-dgptcache-clients_per_round-4-num_clients-20-batch_size-128-device-cuda-client_epochs-6-num_rounds-50-loss_type-both-mnr-contrastive-,"[0 1]:[100 100], Total:200"
0.7034262767070347,0.6779661016949152,0.5128205128205128,1.0,0.525,0.47,0.0791986882686615,llama2,llama2,---,"[0 1]:[100 100], Total:200"
0.9409600767988001,0.7462686567164178,0.5952380952380952,1.0,0.66,0.47,0.0006326115131378173,FedGPTCache-albert,albert,15th:tname-paraphrase-albert-small-v2-dname-dgptcache-clients_per_round-4-num_clients-20-batch_size-128-device-cuda-client_epochs-6-num_rounds-50-loss_type-both-mnr-contrastive-,"[0 1]:[100 100], Total:200"
0.9509581445401124,0.7662835249042146,0.6211180124223602,1.0,0.695,0.47,0.000984954833984375,FedGPTCache-mpnet,mpnet,15th:tname-multi-qa-mpnet-base-cos-v1-dname-dgptcache-clients_per_round-4-num_clients-20-batch_size-128-device-cuda-client_epochs-6-num_rounds-50-loss_type-both-mnr-contrastive-,"[0 1]:[100 100], Total:200"
0.7034262767070347,0.68259385665529,0.5181347150259067,1.0,0.535,0.48,0.0796587860584259,llama2,llama2,---,"[0 1]:[100 100], Total:200"
0.9409600767988001,0.7518796992481204,0.6024096385542169,1.0,0.67,0.48,0.0006360888481140136,FedGPTCache-albert,albert,15th:tname-paraphrase-albert-small-v2-dname-dgptcache-clients_per_round-4-num_clients-20-batch_size-128-device-cuda-client_epochs-6-num_rounds-50-loss_type-both-mnr-contrastive-,"[0 1]:[100 100], Total:200"
0.9509581445401124,0.7692307692307693,0.625,1.0,0.7,0.48,0.0009957420825958251,FedGPTCache-mpnet,mpnet,15th:tname-multi-qa-mpnet-base-cos-v1-dname-dgptcache-clients_per_round-4-num_clients-20-batch_size-128-device-cuda-client_epochs-6-num_rounds-50-loss_type-both-mnr-contrastive-,"[0 1]:[100 100], Total:200"
0.7034262767070347,0.678082191780822,0.515625,0.99,0.53,0.49,0.07952106833457946,llama2,llama2,---,"[0 1]:[100 100], Total:200"
0.9409600767988001,0.7604562737642586,0.6134969325153374,1.0,0.685,0.49,0.0006341075897216797,FedGPTCache-albert,albert,15th:tname-paraphrase-albert-small-v2-dname-dgptcache-clients_per_round-4-num_clients-20-batch_size-128-device-cuda-client_epochs-6-num_rounds-50-loss_type-both-mnr-contrastive-,"[0 1]:[100 100], Total:200"
0.9509581445401124,0.7722007722007722,0.6289308176100629,1.0,0.705,0.49,0.0011940932273864747,FedGPTCache-mpnet,mpnet,15th:tname-multi-qa-mpnet-base-cos-v1-dname-dgptcache-clients_per_round-4-num_clients-20-batch_size-128-device-cuda-client_epochs-6-num_rounds-50-loss_type-both-mnr-contrastive-,"[0 1]:[100 100], Total:200"
0.7034262767070347,0.6827586206896552,0.5210526315789473,0.99,0.54,0.5,0.07926072120666504,llama2,llama2,---,"[0 1]:[100 100], Total:200"
0.9409600767988001,0.7662835249042146,0.6211180124223602,1.0,0.695,0.5,0.000638587474822998,FedGPTCache-albert,albert,15th:tname-paraphrase-albert-small-v2-dname-dgptcache-clients_per_round-4-num_clients-20-batch_size-128-device-cuda-client_epochs-6-num_rounds-50-loss_type-both-mnr-contrastive-,"[0 1]:[100 100], Total:200"
0.9509581445401124,0.7782101167315175,0.6369426751592356,1.0,0.715,0.5,0.001179349422454834,FedGPTCache-mpnet,mpnet,15th:tname-multi-qa-mpnet-base-cos-v1-dname-dgptcache-clients_per_round-4-num_clients-20-batch_size-128-device-cuda-client_epochs-6-num_rounds-50-loss_type-both-mnr-contrastive-,"[0 1]:[100 100], Total:200"
0.7034262767070347,0.6851211072664359,0.5238095238095238,0.99,0.545,0.51,0.07988684892654419,llama2,llama2,---,"[0 1]:[100 100], Total:200"
0.9409600767988001,0.7662835249042146,0.6211180124223602,1.0,0.695,0.51,0.0006351017951965332,FedGPTCache-albert,albert,15th:tname-paraphrase-albert-small-v2-dname-dgptcache-clients_per_round-4-num_clients-20-batch_size-128-device-cuda-client_epochs-6-num_rounds-50-loss_type-both-mnr-contrastive-,"[0 1]:[100 100], Total:200"
0.9509581445401124,0.7782101167315175,0.6369426751592356,1.0,0.715,0.51,0.0010979783535003662,FedGPTCache-mpnet,mpnet,15th:tname-multi-qa-mpnet-base-cos-v1-dname-dgptcache-clients_per_round-4-num_clients-20-batch_size-128-device-cuda-client_epochs-6-num_rounds-50-loss_type-both-mnr-contrastive-,"[0 1]:[100 100], Total:200"
0.7034262767070347,0.6875000000000001,0.526595744680851,0.99,0.55,0.52,0.07949377298355102,llama2,llama2,---,"[0 1]:[100 100], Total:200"
0.9409600767988001,0.7782101167315175,0.6369426751592356,1.0,0.715,0.52,0.0006460583209991455,FedGPTCache-albert,albert,15th:tname-paraphrase-albert-small-v2-dname-dgptcache-clients_per_round-4-num_clients-20-batch_size-128-device-cuda-client_epochs-6-num_rounds-50-loss_type-both-mnr-contrastive-,"[0 1]:[100 100], Total:200"
0.9509581445401124,0.7843137254901961,0.6451612903225806,1.0,0.725,0.52,0.0010072612762451172,FedGPTCache-mpnet,mpnet,15th:tname-multi-qa-mpnet-base-cos-v1-dname-dgptcache-clients_per_round-4-num_clients-20-batch_size-128-device-cuda-client_epochs-6-num_rounds-50-loss_type-both-mnr-contrastive-,"[0 1]:[100 100], Total:200"
0.7034262767070347,0.6875000000000001,0.526595744680851,0.99,0.55,0.53,0.07981019020080567,llama2,llama2,---,"[0 1]:[100 100], Total:200"
0.9409600767988001,0.7782101167315175,0.6369426751592356,1.0,0.715,0.53,0.000634000301361084,FedGPTCache-albert,albert,15th:tname-paraphrase-albert-small-v2-dname-dgptcache-clients_per_round-4-num_clients-20-batch_size-128-device-cuda-client_epochs-6-num_rounds-50-loss_type-both-mnr-contrastive-,"[0 1]:[100 100], Total:200"
0.9509581445401124,0.7936507936507937,0.6578947368421053,1.0,0.74,0.53,0.0009693574905395508,FedGPTCache-mpnet,mpnet,15th:tname-multi-qa-mpnet-base-cos-v1-dname-dgptcache-clients_per_round-4-num_clients-20-batch_size-128-device-cuda-client_epochs-6-num_rounds-50-loss_type-both-mnr-contrastive-,"[0 1]:[100 100], Total:200"
0.7034262767070347,0.6898954703832753,0.5294117647058824,0.99,0.555,0.54,0.07922311902046203,llama2,llama2,---,"[0 1]:[100 100], Total:200"
0.9409600767988001,0.7795275590551181,0.6428571428571429,0.99,0.72,0.54,0.0006395542621612549,FedGPTCache-albert,albert,15th:tname-paraphrase-albert-small-v2-dname-dgptcache-clients_per_round-4-num_clients-20-batch_size-128-device-cuda-client_epochs-6-num_rounds-50-loss_type-both-mnr-contrastive-,"[0 1]:[100 100], Total:200"
0.9509581445401124,0.7968127490039841,0.6622516556291391,1.0,0.745,0.54,0.0009921133518218995,FedGPTCache-mpnet,mpnet,15th:tname-multi-qa-mpnet-base-cos-v1-dname-dgptcache-clients_per_round-4-num_clients-20-batch_size-128-device-cuda-client_epochs-6-num_rounds-50-loss_type-both-mnr-contrastive-,"[0 1]:[100 100], Total:200"
0.7034262767070347,0.6898954703832753,0.5294117647058824,0.99,0.555,0.55,0.07927788257598876,llama2,llama2,---,"[0 1]:[100 100], Total:200"
0.9409600767988001,0.7857142857142857,0.6513157894736842,0.99,0.73,0.55,0.0006353747844696045,FedGPTCache-albert,albert,15th:tname-paraphrase-albert-small-v2-dname-dgptcache-clients_per_round-4-num_clients-20-batch_size-128-device-cuda-client_epochs-6-num_rounds-50-loss_type-both-mnr-contrastive-,"[0 1]:[100 100], Total:200"
0.9509581445401124,0.8,0.6666666666666666,1.0,0.75,0.55,0.001039363145828247,FedGPTCache-mpnet,mpnet,15th:tname-multi-qa-mpnet-base-cos-v1-dname-dgptcache-clients_per_round-4-num_clients-20-batch_size-128-device-cuda-client_epochs-6-num_rounds-50-loss_type-both-mnr-contrastive-,"[0 1]:[100 100], Total:200"
0.7034262767070347,0.6947368421052631,0.5351351351351351,0.99,0.565,0.56,0.07919655680656433,llama2,llama2,---,"[0 1]:[100 100], Total:200"
0.9409600767988001,0.7888446215139443,0.6556291390728477,0.99,0.735,0.56,0.000634690523147583,FedGPTCache-albert,albert,15th:tname-paraphrase-albert-small-v2-dname-dgptcache-clients_per_round-4-num_clients-20-batch_size-128-device-cuda-client_epochs-6-num_rounds-50-loss_type-both-mnr-contrastive-,"[0 1]:[100 100], Total:200"
0.9509581445401124,0.8032128514056226,0.6711409395973155,1.0,0.755,0.56,0.0010668909549713134,FedGPTCache-mpnet,mpnet,15th:tname-multi-qa-mpnet-base-cos-v1-dname-dgptcache-clients_per_round-4-num_clients-20-batch_size-128-device-cuda-client_epochs-6-num_rounds-50-loss_type-both-mnr-contrastive-,"[0 1]:[100 100], Total:200"
0.7034262767070347,0.6996466431095406,0.5409836065573771,0.99,0.575,0.57,0.07921047449111938,llama2,llama2,---,"[0 1]:[100 100], Total:200"
0.9409600767988001,0.8081632653061224,0.6827586206896552,0.99,0.765,0.57,0.0006352293491363525,FedGPTCache-albert,albert,15th:tname-paraphrase-albert-small-v2-dname-dgptcache-clients_per_round-4-num_clients-20-batch_size-128-device-cuda-client_epochs-6-num_rounds-50-loss_type-both-mnr-contrastive-,"[0 1]:[100 100], Total:200"
0.9509581445401124,0.8016194331983807,0.673469387755102,0.99,0.755,0.57,0.0010623800754547118,FedGPTCache-mpnet,mpnet,15th:tname-multi-qa-mpnet-base-cos-v1-dname-dgptcache-clients_per_round-4-num_clients-20-batch_size-128-device-cuda-client_epochs-6-num_rounds-50-loss_type-both-mnr-contrastive-,"[0 1]:[100 100], Total:200"
0.7034262767070347,0.7021276595744681,0.5439560439560439,0.99,0.58,0.58,0.07957434177398681,llama2,llama2,---,"[0 1]:[100 100], Total:200"
0.9409600767988001,0.8081632653061224,0.6827586206896552,0.99,0.765,0.58,0.0006385898590087891,FedGPTCache-albert,albert,15th:tname-paraphrase-albert-small-v2-dname-dgptcache-clients_per_round-4-num_clients-20-batch_size-128-device-cuda-client_epochs-6-num_rounds-50-loss_type-both-mnr-contrastive-,"[0 1]:[100 100], Total:200"
0.9509581445401124,0.8081632653061224,0.6827586206896552,0.99,0.765,0.58,0.0010678303241729737,FedGPTCache-mpnet,mpnet,15th:tname-multi-qa-mpnet-base-cos-v1-dname-dgptcache-clients_per_round-4-num_clients-20-batch_size-128-device-cuda-client_epochs-6-num_rounds-50-loss_type-both-mnr-contrastive-,"[0 1]:[100 100], Total:200"
0.7034262767070347,0.7075812274368232,0.5536723163841808,0.98,0.595,0.59,0.07918100833892822,llama2,llama2,---,"[0 1]:[100 100], Total:200"
0.9409600767988001,0.8114754098360656,0.6875,0.99,0.77,0.59,0.0006343090534210205,FedGPTCache-albert,albert,15th:tname-paraphrase-albert-small-v2-dname-dgptcache-clients_per_round-4-num_clients-20-batch_size-128-device-cuda-client_epochs-6-num_rounds-50-loss_type-both-mnr-contrastive-,"[0 1]:[100 100], Total:200"
0.9509581445401124,0.8114754098360656,0.6875,0.99,0.77,0.59,0.0010498154163360595,FedGPTCache-mpnet,mpnet,15th:tname-multi-qa-mpnet-base-cos-v1-dname-dgptcache-clients_per_round-4-num_clients-20-batch_size-128-device-cuda-client_epochs-6-num_rounds-50-loss_type-both-mnr-contrastive-,"[0 1]:[100 100], Total:200"
0.7034262767070347,0.7127272727272728,0.56,0.98,0.605,0.6,0.07959303021430969,llama2,llama2,---,"[0 1]:[100 100], Total:200"
0.9409600767988001,0.8114754098360656,0.6875,0.99,0.77,0.6,0.0006349897384643555,FedGPTCache-albert,albert,15th:tname-paraphrase-albert-small-v2-dname-dgptcache-clients_per_round-4-num_clients-20-batch_size-128-device-cuda-client_epochs-6-num_rounds-50-loss_type-both-mnr-contrastive-,"[0 1]:[100 100], Total:200"
0.9509581445401124,0.8148148148148148,0.6923076923076923,0.99,0.775,0.6,0.0010280311107635498,FedGPTCache-mpnet,mpnet,15th:tname-multi-qa-mpnet-base-cos-v1-dname-dgptcache-clients_per_round-4-num_clients-20-batch_size-128-device-cuda-client_epochs-6-num_rounds-50-loss_type-both-mnr-contrastive-,"[0 1]:[100 100], Total:200"
0.7034262767070347,0.717948717948718,0.5664739884393064,0.98,0.615,0.61,0.07918530106544494,llama2,llama2,---,"[0 1]:[100 100], Total:200"
0.9409600767988001,0.8148148148148148,0.6923076923076923,0.99,0.775,0.61,0.0006358349323272706,FedGPTCache-albert,albert,15th:tname-paraphrase-albert-small-v2-dname-dgptcache-clients_per_round-4-num_clients-20-batch_size-128-device-cuda-client_epochs-6-num_rounds-50-loss_type-both-mnr-contrastive-,"[0 1]:[100 100], Total:200"
0.9509581445401124,0.8250000000000001,0.7071428571428572,0.99,0.79,0.61,0.0010796689987182617,FedGPTCache-mpnet,mpnet,15th:tname-multi-qa-mpnet-base-cos-v1-dname-dgptcache-clients_per_round-4-num_clients-20-batch_size-128-device-cuda-client_epochs-6-num_rounds-50-loss_type-both-mnr-contrastive-,"[0 1]:[100 100], Total:200"
0.7034262767070347,0.7205882352941176,0.5697674418604651,0.98,0.62,0.62,0.07950233101844788,llama2,llama2,---,"[0 1]:[100 100], Total:200"
0.9409600767988001,0.8319327731092437,0.717391304347826,0.99,0.8,0.62,0.000636754035949707,FedGPTCache-albert,albert,15th:tname-paraphrase-albert-small-v2-dname-dgptcache-clients_per_round-4-num_clients-20-batch_size-128-device-cuda-client_epochs-6-num_rounds-50-loss_type-both-mnr-contrastive-,"[0 1]:[100 100], Total:200"
0.9509581445401124,0.8354430379746836,0.7226277372262774,0.99,0.805,0.62,0.0010564386844635009,FedGPTCache-mpnet,mpnet,15th:tname-multi-qa-mpnet-base-cos-v1-dname-dgptcache-clients_per_round-4-num_clients-20-batch_size-128-device-cuda-client_epochs-6-num_rounds-50-loss_type-both-mnr-contrastive-,"[0 1]:[100 100], Total:200"
0.7034262767070347,0.7185185185185184,0.5705882352941176,0.97,0.62,0.63,0.07927874088287354,llama2,llama2,---,"[0 1]:[100 100], Total:200"
0.9409600767988001,0.8389830508474576,0.7279411764705882,0.99,0.81,0.63,0.000638580322265625,FedGPTCache-albert,albert,15th:tname-paraphrase-albert-small-v2-dname-dgptcache-clients_per_round-4-num_clients-20-batch_size-128-device-cuda-client_epochs-6-num_rounds-50-loss_type-both-mnr-contrastive-,"[0 1]:[100 100], Total:200"
0.9509581445401124,0.8340425531914895,0.725925925925926,0.98,0.805,0.63,0.0009738445281982422,FedGPTCache-mpnet,mpnet,15th:tname-multi-qa-mpnet-base-cos-v1-dname-dgptcache-clients_per_round-4-num_clients-20-batch_size-128-device-cuda-client_epochs-6-num_rounds-50-loss_type-both-mnr-contrastive-,"[0 1]:[100 100], Total:200"
0.7034262767070347,0.721189591078067,0.5739644970414202,0.97,0.625,0.64,0.07951013922691345,llama2,llama2,---,"[0 1]:[100 100], Total:200"
0.9409600767988001,0.8461538461538461,0.7388059701492538,0.99,0.82,0.64,0.0006422829627990722,FedGPTCache-albert,albert,15th:tname-paraphrase-albert-small-v2-dname-dgptcache-clients_per_round-4-num_clients-20-batch_size-128-device-cuda-client_epochs-6-num_rounds-50-loss_type-both-mnr-contrastive-,"[0 1]:[100 100], Total:200"
0.9509581445401124,0.8376068376068375,0.7313432835820896,0.98,0.81,0.64,0.0010035979747772218,FedGPTCache-mpnet,mpnet,15th:tname-multi-qa-mpnet-base-cos-v1-dname-dgptcache-clients_per_round-4-num_clients-20-batch_size-128-device-cuda-client_epochs-6-num_rounds-50-loss_type-both-mnr-contrastive-,"[0 1]:[100 100], Total:200"
0.7034262767070347,0.7265917602996255,0.5808383233532934,0.97,0.635,0.65,0.07973206281661988,llama2,llama2,---,"[0 1]:[100 100], Total:200"
0.9409600767988001,0.8461538461538461,0.7388059701492538,0.99,0.82,0.65,0.0006376242637634277,FedGPTCache-albert,albert,15th:tname-paraphrase-albert-small-v2-dname-dgptcache-clients_per_round-4-num_clients-20-batch_size-128-device-cuda-client_epochs-6-num_rounds-50-loss_type-both-mnr-contrastive-,"[0 1]:[100 100], Total:200"
0.9509581445401124,0.8412017167381973,0.7368421052631579,0.98,0.815,0.65,0.001050633192062378,FedGPTCache-mpnet,mpnet,15th:tname-multi-qa-mpnet-base-cos-v1-dname-dgptcache-clients_per_round-4-num_clients-20-batch_size-128-device-cuda-client_epochs-6-num_rounds-50-loss_type-both-mnr-contrastive-,"[0 1]:[100 100], Total:200"
0.7034262767070347,0.7265917602996255,0.5808383233532934,0.97,0.635,0.66,0.07921898484230042,llama2,llama2,---,"[0 1]:[100 100], Total:200"
0.9409600767988001,0.8497854077253219,0.7443609022556391,0.99,0.825,0.66,0.0006347358226776123,FedGPTCache-albert,albert,15th:tname-paraphrase-albert-small-v2-dname-dgptcache-clients_per_round-4-num_clients-20-batch_size-128-device-cuda-client_epochs-6-num_rounds-50-loss_type-both-mnr-contrastive-,"[0 1]:[100 100], Total:200"
0.9509581445401124,0.8412017167381973,0.7368421052631579,0.98,0.815,0.66,0.001063854694366455,FedGPTCache-mpnet,mpnet,15th:tname-multi-qa-mpnet-base-cos-v1-dname-dgptcache-clients_per_round-4-num_clients-20-batch_size-128-device-cuda-client_epochs-6-num_rounds-50-loss_type-both-mnr-contrastive-,"[0 1]:[100 100], Total:200"
0.7034262767070347,0.7293233082706768,0.5843373493975904,0.97,0.64,0.67,0.0791762387752533,llama2,llama2,---,"[0 1]:[100 100], Total:200"
0.9409600767988001,0.8571428571428572,0.7557251908396947,0.99,0.835,0.67,0.0006367790699005126,FedGPTCache-albert,albert,15th:tname-paraphrase-albert-small-v2-dname-dgptcache-clients_per_round-4-num_clients-20-batch_size-128-device-cuda-client_epochs-6-num_rounds-50-loss_type-both-mnr-contrastive-,"[0 1]:[100 100], Total:200"
0.9509581445401124,0.8521739130434782,0.7538461538461538,0.98,0.83,0.67,0.0010655665397644044,FedGPTCache-mpnet,mpnet,15th:tname-multi-qa-mpnet-base-cos-v1-dname-dgptcache-clients_per_round-4-num_clients-20-batch_size-128-device-cuda-client_epochs-6-num_rounds-50-loss_type-both-mnr-contrastive-,"[0 1]:[100 100], Total:200"
0.7034262767070347,0.7320754716981132,0.5878787878787879,0.97,0.645,0.68,0.07918937802314759,llama2,llama2,---,"[0 1]:[100 100], Total:200"
0.9409600767988001,0.8521739130434782,0.7538461538461538,0.98,0.83,0.68,0.000636897087097168,FedGPTCache-albert,albert,15th:tname-paraphrase-albert-small-v2-dname-dgptcache-clients_per_round-4-num_clients-20-batch_size-128-device-cuda-client_epochs-6-num_rounds-50-loss_type-both-mnr-contrastive-,"[0 1]:[100 100], Total:200"
0.9509581445401124,0.8471615720524017,0.751937984496124,0.97,0.825,0.68,0.0010711681842803956,FedGPTCache-mpnet,mpnet,15th:tname-multi-qa-mpnet-base-cos-v1-dname-dgptcache-clients_per_round-4-num_clients-20-batch_size-128-device-cuda-client_epochs-6-num_rounds-50-loss_type-both-mnr-contrastive-,"[0 1]:[100 100], Total:200"
0.7034262767070347,0.7376425855513308,0.5950920245398773,0.97,0.655,0.69,0.07922552704811096,llama2,llama2,---,"[0 1]:[100 100], Total:200"
0.9409600767988001,0.8546255506607929,0.7637795275590551,0.97,0.835,0.69,0.0006408953666687012,FedGPTCache-albert,albert,15th:tname-paraphrase-albert-small-v2-dname-dgptcache-clients_per_round-4-num_clients-20-batch_size-128-device-cuda-client_epochs-6-num_rounds-50-loss_type-both-mnr-contrastive-,"[0 1]:[100 100], Total:200"
0.9509581445401124,0.8508771929824562,0.7578125,0.97,0.83,0.69,0.0009869706630706787,FedGPTCache-mpnet,mpnet,15th:tname-multi-qa-mpnet-base-cos-v1-dname-dgptcache-clients_per_round-4-num_clients-20-batch_size-128-device-cuda-client_epochs-6-num_rounds-50-loss_type-both-mnr-contrastive-,"[0 1]:[100 100], Total:200"
0.7034262767070347,0.7461538461538461,0.60625,0.97,0.67,0.7,0.07968073606491088,llama2,llama2,---,"[0 1]:[100 100], Total:200"
0.9409600767988001,0.8584070796460176,0.7698412698412699,0.97,0.84,0.7,0.0006358444690704346,FedGPTCache-albert,albert,15th:tname-paraphrase-albert-small-v2-dname-dgptcache-clients_per_round-4-num_clients-20-batch_size-128-device-cuda-client_epochs-6-num_rounds-50-loss_type-both-mnr-contrastive-,"[0 1]:[100 100], Total:200"
0.9509581445401124,0.8546255506607929,0.7637795275590551,0.97,0.835,0.7,0.0009882545471191406,FedGPTCache-mpnet,mpnet,15th:tname-multi-qa-mpnet-base-cos-v1-dname-dgptcache-clients_per_round-4-num_clients-20-batch_size-128-device-cuda-client_epochs-6-num_rounds-50-loss_type-both-mnr-contrastive-,"[0 1]:[100 100], Total:200"
0.7034262767070347,0.7413127413127413,0.6037735849056604,0.96,0.665,0.71,0.07918839454650879,llama2,llama2,---,"[0 1]:[100 100], Total:200"
0.9409600767988001,0.8622222222222223,0.776,0.97,0.845,0.71,0.000639585256576538,FedGPTCache-albert,albert,15th:tname-paraphrase-albert-small-v2-dname-dgptcache-clients_per_round-4-num_clients-20-batch_size-128-device-cuda-client_epochs-6-num_rounds-50-loss_type-both-mnr-contrastive-,"[0 1]:[100 100], Total:200"
0.9509581445401124,0.8622222222222223,0.776,0.97,0.845,0.71,0.0009907150268554687,FedGPTCache-mpnet,mpnet,15th:tname-multi-qa-mpnet-base-cos-v1-dname-dgptcache-clients_per_round-4-num_clients-20-batch_size-128-device-cuda-client_epochs-6-num_rounds-50-loss_type-both-mnr-contrastive-,"[0 1]:[100 100], Total:200"
0.7034262767070347,0.7401574803149605,0.6103896103896104,0.94,0.67,0.72,0.0796607220172882,llama2,llama2,---,"[0 1]:[100 100], Total:200"
0.9409600767988001,0.8687782805429863,0.7933884297520661,0.96,0.855,0.72,0.0006419980525970459,FedGPTCache-albert,albert,15th:tname-paraphrase-albert-small-v2-dname-dgptcache-clients_per_round-4-num_clients-20-batch_size-128-device-cuda-client_epochs-6-num_rounds-50-loss_type-both-mnr-contrastive-,"[0 1]:[100 100], Total:200"
0.9509581445401124,0.8778280542986425,0.8016528925619835,0.97,0.865,0.72,0.001033940315246582,FedGPTCache-mpnet,mpnet,15th:tname-multi-qa-mpnet-base-cos-v1-dname-dgptcache-clients_per_round-4-num_clients-20-batch_size-128-device-cuda-client_epochs-6-num_rounds-50-loss_type-both-mnr-contrastive-,"[0 1]:[100 100], Total:200"
0.7034262767070347,0.744,0.62,0.93,0.68,0.73,0.0791780686378479,llama2,llama2,---,"[0 1]:[100 100], Total:200"
0.9409600767988001,0.8727272727272728,0.8,0.96,0.86,0.73,0.0006340849399566651,FedGPTCache-albert,albert,15th:tname-paraphrase-albert-small-v2-dname-dgptcache-clients_per_round-4-num_clients-20-batch_size-128-device-cuda-client_epochs-6-num_rounds-50-loss_type-both-mnr-contrastive-,"[0 1]:[100 100], Total:200"
0.9509581445401124,0.8858447488584476,0.8151260504201681,0.97,0.875,0.73,0.0010647165775299072,FedGPTCache-mpnet,mpnet,15th:tname-multi-qa-mpnet-base-cos-v1-dname-dgptcache-clients_per_round-4-num_clients-20-batch_size-128-device-cuda-client_epochs-6-num_rounds-50-loss_type-both-mnr-contrastive-,"[0 1]:[100 100], Total:200"
0.7034262767070347,0.728744939271255,0.6122448979591837,0.9,0.665,0.74,0.07919165968894959,llama2,llama2,---,"[0 1]:[100 100], Total:200"
0.9409600767988001,0.8744186046511627,0.8173913043478261,0.94,0.865,0.74,0.0006376874446868897,FedGPTCache-albert,albert,15th:tname-paraphrase-albert-small-v2-dname-dgptcache-clients_per_round-4-num_clients-20-batch_size-128-device-cuda-client_epochs-6-num_rounds-50-loss_type-both-mnr-contrastive-,"[0 1]:[100 100], Total:200"
0.9509581445401124,0.8796296296296298,0.8189655172413793,0.95,0.87,0.74,0.0010648870468139649,FedGPTCache-mpnet,mpnet,15th:tname-multi-qa-mpnet-base-cos-v1-dname-dgptcache-clients_per_round-4-num_clients-20-batch_size-128-device-cuda-client_epochs-6-num_rounds-50-loss_type-both-mnr-contrastive-,"[0 1]:[100 100], Total:200"
0.7034262767070347,0.7295081967213116,0.6180555555555556,0.89,0.67,0.75,0.07966367959976196,llama2,llama2,---,"[0 1]:[100 100], Total:200"
0.9409600767988001,0.8679245283018867,0.8214285714285714,0.92,0.86,0.75,0.0006383776664733887,FedGPTCache-albert,albert,15th:tname-paraphrase-albert-small-v2-dname-dgptcache-clients_per_round-4-num_clients-20-batch_size-128-device-cuda-client_epochs-6-num_rounds-50-loss_type-both-mnr-contrastive-,"[0 1]:[100 100], Total:200"
0.9509581445401124,0.8826291079812206,0.831858407079646,0.94,0.875,0.75,0.0010694301128387452,FedGPTCache-mpnet,mpnet,15th:tname-multi-qa-mpnet-base-cos-v1-dname-dgptcache-clients_per_round-4-num_clients-20-batch_size-128-device-cuda-client_epochs-6-num_rounds-50-loss_type-both-mnr-contrastive-,"[0 1]:[100 100], Total:200"
0.7034262767070347,0.7272727272727273,0.6197183098591549,0.88,0.67,0.76,0.07918953418731689,llama2,llama2,---,"[0 1]:[100 100], Total:200"
0.9409600767988001,0.8679245283018867,0.8214285714285714,0.92,0.86,0.76,0.0006379437446594238,FedGPTCache-albert,albert,15th:tname-paraphrase-albert-small-v2-dname-dgptcache-clients_per_round-4-num_clients-20-batch_size-128-device-cuda-client_epochs-6-num_rounds-50-loss_type-both-mnr-contrastive-,"[0 1]:[100 100], Total:200"
0.9509581445401124,0.8815165876777251,0.8378378378378378,0.93,0.875,0.76,0.001106903553009033,FedGPTCache-mpnet,mpnet,15th:tname-multi-qa-mpnet-base-cos-v1-dname-dgptcache-clients_per_round-4-num_clients-20-batch_size-128-device-cuda-client_epochs-6-num_rounds-50-loss_type-both-mnr-contrastive-,"[0 1]:[100 100], Total:200"
0.7034262767070347,0.7302904564315353,0.624113475177305,0.88,0.675,0.77,0.07960889935493469,llama2,llama2,---,"[0 1]:[100 100], Total:200"
0.9409600767988001,0.8749999999999999,0.8425925925925926,0.91,0.87,0.77,0.000640016794204712,FedGPTCache-albert,albert,15th:tname-paraphrase-albert-small-v2-dname-dgptcache-clients_per_round-4-num_clients-20-batch_size-128-device-cuda-client_epochs-6-num_rounds-50-loss_type-both-mnr-contrastive-,"[0 1]:[100 100], Total:200"
0.9509581445401124,0.8815165876777251,0.8378378378378378,0.93,0.875,0.77,0.001057446002960205,FedGPTCache-mpnet,mpnet,15th:tname-multi-qa-mpnet-base-cos-v1-dname-dgptcache-clients_per_round-4-num_clients-20-batch_size-128-device-cuda-client_epochs-6-num_rounds-50-loss_type-both-mnr-contrastive-,"[0 1]:[100 100], Total:200"
0.7034262767070347,0.7280334728033473,0.6258992805755396,0.87,0.675,0.78,0.07919490337371826,llama2,llama2,---,"[0 1]:[100 100], Total:200"
0.9409600767988001,0.8823529411764707,0.8653846153846154,0.9,0.88,0.78,0.0006352579593658448,FedGPTCache-albert,albert,15th:tname-paraphrase-albert-small-v2-dname-dgptcache-clients_per_round-4-num_clients-20-batch_size-128-device-cuda-client_epochs-6-num_rounds-50-loss_type-both-mnr-contrastive-,"[0 1]:[100 100], Total:200"
0.9509581445401124,0.8932038834951457,0.8679245283018868,0.92,0.89,0.78,0.0010825133323669434,FedGPTCache-mpnet,mpnet,15th:tname-multi-qa-mpnet-base-cos-v1-dname-dgptcache-clients_per_round-4-num_clients-20-batch_size-128-device-cuda-client_epochs-6-num_rounds-50-loss_type-both-mnr-contrastive-,"[0 1]:[100 100], Total:200"
0.7034262767070347,0.7327586206896552,0.6439393939393939,0.85,0.69,0.79,0.07917994856834412,llama2,llama2,---,"[0 1]:[100 100], Total:200"
0.9409600767988001,0.8712871287128714,0.8627450980392157,0.88,0.87,0.79,0.0006352365016937256,FedGPTCache-albert,albert,15th:tname-paraphrase-albert-small-v2-dname-dgptcache-clients_per_round-4-num_clients-20-batch_size-128-device-cuda-client_epochs-6-num_rounds-50-loss_type-both-mnr-contrastive-,"[0 1]:[100 100], Total:200"
0.9509581445401124,0.892156862745098,0.875,0.91,0.89,0.79,0.0010811400413513184,FedGPTCache-mpnet,mpnet,15th:tname-multi-qa-mpnet-base-cos-v1-dname-dgptcache-clients_per_round-4-num_clients-20-batch_size-128-device-cuda-client_epochs-6-num_rounds-50-loss_type-both-mnr-contrastive-,"[0 1]:[100 100], Total:200"
0.7034262767070347,0.7477477477477475,0.680327868852459,0.83,0.72,0.8,0.07918240547180176,llama2,llama2,---,"[0 1]:[100 100], Total:200"
0.9409600767988001,0.8585858585858585,0.8673469387755102,0.85,0.86,0.8,0.0006372261047363281,FedGPTCache-albert,albert,15th:tname-paraphrase-albert-small-v2-dname-dgptcache-clients_per_round-4-num_clients-20-batch_size-128-device-cuda-client_epochs-6-num_rounds-50-loss_type-both-mnr-contrastive-,"[0 1]:[100 100], Total:200"
0.9509581445401124,0.8855721393034827,0.8811881188118812,0.89,0.885,0.8,0.0010975182056427002,FedGPTCache-mpnet,mpnet,15th:tname-multi-qa-mpnet-base-cos-v1-dname-dgptcache-clients_per_round-4-num_clients-20-batch_size-128-device-cuda-client_epochs-6-num_rounds-50-loss_type-both-mnr-contrastive-,"[0 1]:[100 100], Total:200"
0.7034262767070347,0.7488584474885843,0.6890756302521008,0.82,0.725,0.81,0.07951627969741822,llama2,llama2,---,"[0 1]:[100 100], Total:200"
0.9409600767988001,0.8585858585858585,0.8673469387755102,0.85,0.86,0.81,0.0006404423713684082,FedGPTCache-albert,albert,15th:tname-paraphrase-albert-small-v2-dname-dgptcache-clients_per_round-4-num_clients-20-batch_size-128-device-cuda-client_epochs-6-num_rounds-50-loss_type-both-mnr-contrastive-,"[0 1]:[100 100], Total:200"
0.9509581445401124,0.88,0.88,0.88,0.88,0.81,0.0011315155029296875,FedGPTCache-mpnet,mpnet,15th:tname-multi-qa-mpnet-base-cos-v1-dname-dgptcache-clients_per_round-4-num_clients-20-batch_size-128-device-cuda-client_epochs-6-num_rounds-50-loss_type-both-mnr-contrastive-,"[0 1]:[100 100], Total:200"
0.7034262767070347,0.7136150234741785,0.672566371681416,0.76,0.695,0.82,0.07989732384681701,llama2,llama2,---,"[0 1]:[100 100], Total:200"
0.9409600767988001,0.8571428571428572,0.875,0.84,0.86,0.82,0.0006367707252502441,FedGPTCache-albert,albert,15th:tname-paraphrase-albert-small-v2-dname-dgptcache-clients_per_round-4-num_clients-20-batch_size-128-device-cuda-client_epochs-6-num_rounds-50-loss_type-both-mnr-contrastive-,"[0 1]:[100 100], Total:200"
0.9509581445401124,0.883248730964467,0.8969072164948454,0.87,0.885,0.82,0.0011289083957672118,FedGPTCache-mpnet,mpnet,15th:tname-multi-qa-mpnet-base-cos-v1-dname-dgptcache-clients_per_round-4-num_clients-20-batch_size-128-device-cuda-client_epochs-6-num_rounds-50-loss_type-both-mnr-contrastive-,"[0 1]:[100 100], Total:200"
0.7034262767070347,0.6831683168316831,0.6764705882352942,0.69,0.68,0.83,0.07938292503356933,llama2,llama2,---,"[0 1]:[100 100], Total:200"
0.9409600767988001,0.8556701030927835,0.8829787234042553,0.83,0.86,0.83,0.0006367087364196778,FedGPTCache-albert,albert,15th:tname-paraphrase-albert-small-v2-dname-dgptcache-clients_per_round-4-num_clients-20-batch_size-128-device-cuda-client_epochs-6-num_rounds-50-loss_type-both-mnr-contrastive-,"[0 1]:[100 100], Total:200"
0.9509581445401124,0.8923076923076922,0.9157894736842105,0.87,0.895,0.83,0.0011286985874176024,FedGPTCache-mpnet,mpnet,15th:tname-multi-qa-mpnet-base-cos-v1-dname-dgptcache-clients_per_round-4-num_clients-20-batch_size-128-device-cuda-client_epochs-6-num_rounds-50-loss_type-both-mnr-contrastive-,"[0 1]:[100 100], Total:200"
0.7034262767070347,0.6733668341708543,0.6767676767676768,0.67,0.675,0.84,0.08000153541564942,llama2,llama2,---,"[0 1]:[100 100], Total:200"
0.9409600767988001,0.849740932642487,0.8817204301075269,0.82,0.855,0.84,0.0006354904174804688,FedGPTCache-albert,albert,15th:tname-paraphrase-albert-small-v2-dname-dgptcache-clients_per_round-4-num_clients-20-batch_size-128-device-cuda-client_epochs-6-num_rounds-50-loss_type-both-mnr-contrastive-,"[0 1]:[100 100], Total:200"
0.9509581445401124,0.8865979381443299,0.9148936170212766,0.86,0.89,0.84,0.0011267018318176268,FedGPTCache-mpnet,mpnet,15th:tname-multi-qa-mpnet-base-cos-v1-dname-dgptcache-clients_per_round-4-num_clients-20-batch_size-128-device-cuda-client_epochs-6-num_rounds-50-loss_type-both-mnr-contrastive-,"[0 1]:[100 100], Total:200"
0.7034262767070347,0.6595744680851063,0.7045454545454546,0.62,0.68,0.85,0.07966184973716736,llama2,llama2,---,"[0 1]:[100 100], Total:200"
0.9409600767988001,0.8421052631578948,0.8888888888888888,0.8,0.85,0.85,0.0006324887275695801,FedGPTCache-albert,albert,15th:tname-paraphrase-albert-small-v2-dname-dgptcache-clients_per_round-4-num_clients-20-batch_size-128-device-cuda-client_epochs-6-num_rounds-50-loss_type-both-mnr-contrastive-,"[0 1]:[100 100], Total:200"
0.9509581445401124,0.8749999999999999,0.9130434782608695,0.84,0.88,0.85,0.0011182904243469238,FedGPTCache-mpnet,mpnet,15th:tname-multi-qa-mpnet-base-cos-v1-dname-dgptcache-clients_per_round-4-num_clients-20-batch_size-128-device-cuda-client_epochs-6-num_rounds-50-loss_type-both-mnr-contrastive-,"[0 1]:[100 100], Total:200"
0.7034262767070347,0.6519337016574586,0.7283950617283951,0.59,0.685,0.86,0.07929972529411317,llama2,llama2,---,"[0 1]:[100 100], Total:200"
0.9409600767988001,0.8156424581005587,0.9240506329113924,0.73,0.835,0.86,0.0006358444690704346,FedGPTCache-albert,albert,15th:tname-paraphrase-albert-small-v2-dname-dgptcache-clients_per_round-4-num_clients-20-batch_size-128-device-cuda-client_epochs-6-num_rounds-50-loss_type-both-mnr-contrastive-,"[0 1]:[100 100], Total:200"
0.9509581445401124,0.8663101604278076,0.9310344827586207,0.81,0.875,0.86,0.0012117624282836914,FedGPTCache-mpnet,mpnet,15th:tname-multi-qa-mpnet-base-cos-v1-dname-dgptcache-clients_per_round-4-num_clients-20-batch_size-128-device-cuda-client_epochs-6-num_rounds-50-loss_type-both-mnr-contrastive-,"[0 1]:[100 100], Total:200"
0.7034262767070347,0.6551724137931034,0.7702702702702703,0.57,0.7,0.87,0.07919033885002136,llama2,llama2,---,"[0 1]:[100 100], Total:200"
0.9409600767988001,0.7674418604651163,0.9166666666666666,0.66,0.8,0.87,0.0006359946727752685,FedGPTCache-albert,albert,15th:tname-paraphrase-albert-small-v2-dname-dgptcache-clients_per_round-4-num_clients-20-batch_size-128-device-cuda-client_epochs-6-num_rounds-50-loss_type-both-mnr-contrastive-,"[0 1]:[100 100], Total:200"
0.9509581445401124,0.8663101604278076,0.9310344827586207,0.81,0.875,0.87,0.0011251282691955567,FedGPTCache-mpnet,mpnet,15th:tname-multi-qa-mpnet-base-cos-v1-dname-dgptcache-clients_per_round-4-num_clients-20-batch_size-128-device-cuda-client_epochs-6-num_rounds-50-loss_type-both-mnr-contrastive-,"[0 1]:[100 100], Total:200"
0.7034262767070347,0.6265060240963856,0.7878787878787878,0.52,0.69,0.88,0.07916491150856018,llama2,llama2,---,"[0 1]:[100 100], Total:200"
0.9409600767988001,0.75,0.9264705882352942,0.63,0.79,0.88,0.0006352734565734864,FedGPTCache-albert,albert,15th:tname-paraphrase-albert-small-v2-dname-dgptcache-clients_per_round-4-num_clients-20-batch_size-128-device-cuda-client_epochs-6-num_rounds-50-loss_type-both-mnr-contrastive-,"[0 1]:[100 100], Total:200"
0.9509581445401124,0.8602150537634408,0.9302325581395349,0.8,0.87,0.88,0.0011262381076812744,FedGPTCache-mpnet,mpnet,15th:tname-multi-qa-mpnet-base-cos-v1-dname-dgptcache-clients_per_round-4-num_clients-20-batch_size-128-device-cuda-client_epochs-6-num_rounds-50-loss_type-both-mnr-contrastive-,"[0 1]:[100 100], Total:200"
0.7034262767070347,0.5696202531645569,0.7758620689655172,0.45,0.66,0.89,0.07965494275093078,llama2,llama2,---,"[0 1]:[100 100], Total:200"
0.9409600767988001,0.7080745341614907,0.9344262295081968,0.57,0.765,0.89,0.0006341004371643067,FedGPTCache-albert,albert,15th:tname-paraphrase-albert-small-v2-dname-dgptcache-clients_per_round-4-num_clients-20-batch_size-128-device-cuda-client_epochs-6-num_rounds-50-loss_type-both-mnr-contrastive-,"[0 1]:[100 100], Total:200"
0.9509581445401124,0.8524590163934427,0.9397590361445783,0.78,0.865,0.89,0.0009531009197235107,FedGPTCache-mpnet,mpnet,15th:tname-multi-qa-mpnet-base-cos-v1-dname-dgptcache-clients_per_round-4-num_clients-20-batch_size-128-device-cuda-client_epochs-6-num_rounds-50-loss_type-both-mnr-contrastive-,"[0 1]:[100 100], Total:200"
0.7034262767070347,0.5298013245033113,0.7843137254901961,0.4,0.645,0.9,0.07920127272605897,llama2,llama2,---,"[0 1]:[100 100], Total:200"
0.9409600767988001,0.6835443037974683,0.9310344827586207,0.54,0.75,0.9,0.0006346845626831055,FedGPTCache-albert,albert,15th:tname-paraphrase-albert-small-v2-dname-dgptcache-clients_per_round-4-num_clients-20-batch_size-128-device-cuda-client_epochs-6-num_rounds-50-loss_type-both-mnr-contrastive-,"[0 1]:[100 100], Total:200"
0.9509581445401124,0.8314606741573033,0.9487179487179487,0.74,0.85,0.9,0.0009718179702758789,FedGPTCache-mpnet,mpnet,15th:tname-multi-qa-mpnet-base-cos-v1-dname-dgptcache-clients_per_round-4-num_clients-20-batch_size-128-device-cuda-client_epochs-6-num_rounds-50-loss_type-both-mnr-contrastive-,"[0 1]:[100 100], Total:200"
0.7034262767070347,0.5,0.7708333333333334,0.37,0.63,0.91,0.07920388460159301,llama2,llama2,---,"[0 1]:[100 100], Total:200"
0.9409600767988001,0.6442953020134228,0.9795918367346939,0.48,0.735,0.91,0.0006352078914642334,FedGPTCache-albert,albert,15th:tname-paraphrase-albert-small-v2-dname-dgptcache-clients_per_round-4-num_clients-20-batch_size-128-device-cuda-client_epochs-6-num_rounds-50-loss_type-both-mnr-contrastive-,"[0 1]:[100 100], Total:200"
0.9509581445401124,0.8114285714285713,0.9466666666666667,0.71,0.835,0.91,0.0009687459468841553,FedGPTCache-mpnet,mpnet,15th:tname-multi-qa-mpnet-base-cos-v1-dname-dgptcache-clients_per_round-4-num_clients-20-batch_size-128-device-cuda-client_epochs-6-num_rounds-50-loss_type-both-mnr-contrastive-,"[0 1]:[100 100], Total:200"
0.7034262767070347,0.4347826086956521,0.7894736842105263,0.3,0.61,0.92,0.07921778202056885,llama2,llama2,---,"[0 1]:[100 100], Total:200"
0.9409600767988001,0.6068965517241379,0.9777777777777777,0.44,0.715,0.92,0.0006346642971038818,FedGPTCache-albert,albert,15th:tname-paraphrase-albert-small-v2-dname-dgptcache-clients_per_round-4-num_clients-20-batch_size-128-device-cuda-client_epochs-6-num_rounds-50-loss_type-both-mnr-contrastive-,"[0 1]:[100 100], Total:200"
0.9509581445401124,0.7764705882352942,0.9428571428571428,0.66,0.81,0.92,0.0009532546997070312,FedGPTCache-mpnet,mpnet,15th:tname-multi-qa-mpnet-base-cos-v1-dname-dgptcache-clients_per_round-4-num_clients-20-batch_size-128-device-cuda-client_epochs-6-num_rounds-50-loss_type-both-mnr-contrastive-,"[0 1]:[100 100], Total:200"
0.7034262767070347,0.3384615384615385,0.7333333333333333,0.22,0.57,0.93,0.07921207547187806,llama2,llama2,---,"[0 1]:[100 100], Total:200"
0.9409600767988001,0.5571428571428572,0.975,0.39,0.69,0.93,0.0006383180618286133,FedGPTCache-albert,albert,15th:tname-paraphrase-albert-small-v2-dname-dgptcache-clients_per_round-4-num_clients-20-batch_size-128-device-cuda-client_epochs-6-num_rounds-50-loss_type-both-mnr-contrastive-,"[0 1]:[100 100], Total:200"
0.9509581445401124,0.7515151515151515,0.9538461538461539,0.62,0.795,0.93,0.0009518206119537353,FedGPTCache-mpnet,mpnet,15th:tname-multi-qa-mpnet-base-cos-v1-dname-dgptcache-clients_per_round-4-num_clients-20-batch_size-128-device-cuda-client_epochs-6-num_rounds-50-loss_type-both-mnr-contrastive-,"[0 1]:[100 100], Total:200"
0.7034262767070347,0.2459016393442623,0.6818181818181818,0.15,0.54,0.94,0.07963873028755188,llama2,llama2,---,"[0 1]:[100 100], Total:200"
0.9409600767988001,0.47328244274809156,1.0,0.31,0.655,0.94,0.0006314933300018311,FedGPTCache-albert,albert,15th:tname-paraphrase-albert-small-v2-dname-dgptcache-clients_per_round-4-num_clients-20-batch_size-128-device-cuda-client_epochs-6-num_rounds-50-loss_type-both-mnr-contrastive-,"[0 1]:[100 100], Total:200"
0.9509581445401124,0.6753246753246753,0.9629629629629629,0.52,0.75,0.94,0.0009622550010681152,FedGPTCache-mpnet,mpnet,15th:tname-multi-qa-mpnet-base-cos-v1-dname-dgptcache-clients_per_round-4-num_clients-20-batch_size-128-device-cuda-client_epochs-6-num_rounds-50-loss_type-both-mnr-contrastive-,"[0 1]:[100 100], Total:200"
0.7034262767070347,0.23333333333333336,0.7,0.14,0.54,0.95,0.07920440912246704,llama2,llama2,---,"[0 1]:[100 100], Total:200"
0.9409600767988001,0.3739837398373984,1.0,0.23,0.615,0.95,0.0006341433525085449,FedGPTCache-albert,albert,15th:tname-paraphrase-albert-small-v2-dname-dgptcache-clients_per_round-4-num_clients-20-batch_size-128-device-cuda-client_epochs-6-num_rounds-50-loss_type-both-mnr-contrastive-,"[0 1]:[100 100], Total:200"
0.9509581445401124,0.6308724832214765,0.9591836734693877,0.47,0.725,0.95,0.0009790718555450439,FedGPTCache-mpnet,mpnet,15th:tname-multi-qa-mpnet-base-cos-v1-dname-dgptcache-clients_per_round-4-num_clients-20-batch_size-128-device-cuda-client_epochs-6-num_rounds-50-loss_type-both-mnr-contrastive-,"[0 1]:[100 100], Total:200"
0.7034262767070347,0.14159292035398233,0.6153846153846154,0.08,0.515,0.96,0.079656001329422,llama2,llama2,---,"[0 1]:[100 100], Total:200"
0.9409600767988001,0.2905982905982906,1.0,0.17,0.585,0.96,0.0006471061706542968,FedGPTCache-albert,albert,15th:tname-paraphrase-albert-small-v2-dname-dgptcache-clients_per_round-4-num_clients-20-batch_size-128-device-cuda-client_epochs-6-num_rounds-50-loss_type-both-mnr-contrastive-,"[0 1]:[100 100], Total:200"
0.9509581445401124,0.536231884057971,0.9736842105263158,0.37,0.68,0.96,0.0009968304634094239,FedGPTCache-mpnet,mpnet,15th:tname-multi-qa-mpnet-base-cos-v1-dname-dgptcache-clients_per_round-4-num_clients-20-batch_size-128-device-cuda-client_epochs-6-num_rounds-50-loss_type-both-mnr-contrastive-,"[0 1]:[100 100], Total:200"
0.7034262767070347,0.11009174311926605,0.6666666666666666,0.06,0.515,0.97,0.07954860687255859,llama2,llama2,---,"[0 1]:[100 100], Total:200"
0.9409600767988001,0.19819819819819817,1.0,0.11,0.555,0.97,0.0006384837627410888,FedGPTCache-albert,albert,15th:tname-paraphrase-albert-small-v2-dname-dgptcache-clients_per_round-4-num_clients-20-batch_size-128-device-cuda-client_epochs-6-num_rounds-50-loss_type-both-mnr-contrastive-,"[0 1]:[100 100], Total:200"
0.9509581445401124,0.4251968503937008,1.0,0.27,0.635,0.97,0.0009823381900787354,FedGPTCache-mpnet,mpnet,15th:tname-multi-qa-mpnet-base-cos-v1-dname-dgptcache-clients_per_round-4-num_clients-20-batch_size-128-device-cuda-client_epochs-6-num_rounds-50-loss_type-both-mnr-contrastive-,"[0 1]:[100 100], Total:200"
0.7034262767070347,0.038461538461538464,0.5,0.02,0.5,0.98,0.07928651928901673,llama2,llama2,---,"[0 1]:[100 100], Total:200"
0.9409600767988001,0.09523809523809523,1.0,0.05,0.525,0.98,0.0006325292587280273,FedGPTCache-albert,albert,15th:tname-paraphrase-albert-small-v2-dname-dgptcache-clients_per_round-4-num_clients-20-batch_size-128-device-cuda-client_epochs-6-num_rounds-50-loss_type-both-mnr-contrastive-,"[0 1]:[100 100], Total:200"
0.9509581445401124,0.3050847457627119,1.0,0.18,0.59,0.98,0.0010097396373748779,FedGPTCache-mpnet,mpnet,15th:tname-multi-qa-mpnet-base-cos-v1-dname-dgptcache-clients_per_round-4-num_clients-20-batch_size-128-device-cuda-client_epochs-6-num_rounds-50-loss_type-both-mnr-contrastive-,"[0 1]:[100 100], Total:200"
0.7034262767070347,0.0196078431372549,0.5,0.01,0.5,0.99,0.07999200701713562,llama2,llama2,---,"[0 1]:[100 100], Total:200"
0.9409600767988001,0.0,0.0,0.0,0.5,0.99,0.0006359791755676269,FedGPTCache-albert,albert,15th:tname-paraphrase-albert-small-v2-dname-dgptcache-clients_per_round-4-num_clients-20-batch_size-128-device-cuda-client_epochs-6-num_rounds-50-loss_type-both-mnr-contrastive-,"[0 1]:[100 100], Total:200"
0.9509581445401124,0.16513761467889906,1.0,0.09,0.545,0.99,0.00106475830078125,FedGPTCache-mpnet,mpnet,15th:tname-multi-qa-mpnet-base-cos-v1-dname-dgptcache-clients_per_round-4-num_clients-20-batch_size-128-device-cuda-client_epochs-6-num_rounds-50-loss_type-both-mnr-contrastive-,"[0 1]:[100 100], Total:200"
